datetime,temperature_2m,relativehumidity_2m,apparent_temperature,precipitation,rain,weathercode,cloudcover,windspeed_10m,weather_condition
2025-06-29 00:00:00,25.1,94.0,30.3,0.0,0.0,3.0,100.0,6.7,Overcast
2025-06-29 01:00:00,25.2,94.0,30.3,0.0,0.0,3.0,95.0,6.9,Overcast
2025-06-29 02:00:00,25.1,94.0,30.2,0.0,0.0,3.0,100.0,7.2,Overcast
2025-06-29 03:00:00,24.9,94.0,29.9,0.0,0.0,3.0,99.0,7.7,Overcast
2025-06-29 04:00:00,24.8,94.0,29.6,0.0,0.0,3.0,99.0,8.2,Overcast
2025-06-29 05:00:00,24.9,94.0,29.5,0.0,0.0,2.0,74.0,10.0,Partly cloudy
2025-06-29 06:00:00,25.2,93.0,29.7,0.0,0.0,1.0,43.0,10.5,Mainly clear
2025-06-29 07:00:00,26.3,88.0,31.0,0.0,0.0,2.0,66.0,10.3,Partly cloudy
2025-06-29 08:00:00,27.4,83.0,31.9,0.7,0.7,53.0,98.0,11.6,Drizzle: Moderate
2025-06-29 09:00:00,28.5,79.0,33.2,0.0,0.0,3.0,99.0,12.2,Overcast
2025-06-29 10:00:00,29.4,77.0,35.0,0.1,0.1,51.0,97.0,12.0,Drizzle: Light
2025-06-29 11:00:00,30.5,70.0,36.4,0.1,0.1,51.0,99.0,13.0,Drizzle: Light
2025-06-29 12:00:00,31.2,64.0,36.6,0.0,0.0,3.0,99.0,14.0,Overcast
2025-06-29 13:00:00,30.9,62.0,34.7,1.1,1.1,55.0,99.0,19.4,Drizzle: Dense
2025-06-29 14:00:00,28.9,77.0,33.9,0.4,0.4,51.0,97.0,9.6,Drizzle: Light
2025-06-29 15:00:00,28.8,72.0,31.6,0.4,0.4,51.0,97.0,20.9,Drizzle: Light
2025-06-29 16:00:00,27.1,84.0,32.2,2.2,2.2,61.0,94.0,7.9,Rain: Slight
2025-06-29 17:00:00,27.6,83.0,33.3,0.0,0.0,3.0,98.0,3.8,Overcast
2025-06-29 18:00:00,27.6,84.0,33.8,0.0,0.0,3.0,92.0,1.8,Overcast
2025-06-29 19:00:00,27.1,87.0,33.3,0.0,0.0,3.0,85.0,2.8,Overcast
2025-06-29 20:00:00,26.8,86.0,32.4,0.0,0.0,2.0,52.0,4.5,Partly cloudy
2025-06-29 21:00:00,26.7,86.0,32.2,0.0,0.0,0.0,13.0,5.2,Clear sky
2025-06-29 22:00:00,26.4,86.0,31.6,0.0,0.0,2.0,62.0,5.7,Partly cloudy
2025-06-29 23:00:00,26.0,87.0,31.2,0.0,0.0,3.0,98.0,5.5,Overcast
2025-06-30 00:00:00,25.6,90.0,30.9,0.0,0.0,3.0,92.0,4.8,Overcast
2025-06-30 01:00:00,25.4,91.0,30.6,0.0,0.0,3.0,100.0,5.4,Overcast
2025-06-30 02:00:00,25.2,91.0,30.2,0.0,0.0,3.0,100.0,5.9,Overcast
2025-06-30 03:00:00,25.2,90.0,29.9,0.0,0.0,3.0,96.0,7.0,Overcast
2025-06-30 04:00:00,25.0,91.0,29.7,0.0,0.0,3.0,85.0,6.9,Overcast
2025-06-30 05:00:00,24.8,91.0,29.5,0.0,0.0,2.0,64.0,6.1,Partly cloudy
2025-06-30 06:00:00,24.7,92.0,29.5,0.0,0.0,1.0,26.0,6.5,Mainly clear
2025-06-30 07:00:00,25.8,88.0,30.8,0.0,0.0,0.0,10.0,5.6,Clear sky
2025-06-30 08:00:00,27.5,82.0,33.0,0.0,0.0,1.0,30.0,5.5,Mainly clear
2025-06-30 09:00:00,28.7,77.0,34.2,0.0,0.0,0.0,7.0,5.6,Clear sky
2025-06-30 10:00:00,30.2,69.0,35.9,0.1,0.1,51.0,26.0,8.4,Drizzle: Light
2025-06-30 11:00:00,31.3,63.0,37.1,0.0,0.0,1.0,38.0,10.0,Mainly clear
2025-06-30 12:00:00,31.9,60.0,37.4,0.0,0.0,2.0,54.0,12.2,Partly cloudy
2025-06-30 13:00:00,32.2,57.0,37.1,0.0,0.0,3.0,100.0,14.1,Overcast
2025-06-30 14:00:00,32.4,56.0,36.7,0.1,0.1,51.0,100.0,14.0,Drizzle: Light
2025-06-30 15:00:00,31.9,57.0,35.6,0.2,0.2,51.0,100.0,15.3,Drizzle: Light
2025-06-30 16:00:00,30.5,62.0,33.2,0.4,0.4,51.0,100.0,16.2,Drizzle: Light
2025-06-30 17:00:00,28.4,76.0,33.1,0.3,0.3,51.0,100.0,9.2,Drizzle: Light
2025-06-30 18:00:00,28.0,82.0,33.7,0.0,0.0,3.0,100.0,5.1,Overcast
2025-06-30 19:00:00,27.5,86.0,33.5,0.0,0.0,3.0,100.0,4.5,Overcast
2025-06-30 20:00:00,27.5,84.0,33.0,0.0,0.0,3.0,97.0,6.2,Overcast
2025-06-30 21:00:00,27.2,85.0,32.9,0.0,0.0,3.0,86.0,5.1,Overcast
2025-06-30 22:00:00,26.9,87.0,32.7,0.0,0.0,2.0,56.0,4.4,Partly cloudy
2025-06-30 23:00:00,26.6,89.0,32.6,0.0,0.0,1.0,27.0,4.0,Mainly clear
2025-07-01 00:00:00,26.3,90.0,32.0,0.0,0.0,3.0,99.0,5.3,Overcast
2025-07-01 01:00:00,26.0,90.0,31.3,0.0,0.0,3.0,100.0,6.0,Overcast
2025-07-01 02:00:00,25.6,89.0,30.7,0.0,0.0,3.0,100.0,5.6,Overcast
2025-07-01 03:00:00,25.3,90.0,30.1,0.0,0.0,3.0,99.0,6.5,Overcast
2025-07-01 04:00:00,25.1,91.0,29.8,0.0,0.0,3.0,99.0,7.2,Overcast
2025-07-01 05:00:00,25.0,91.0,29.6,0.0,0.0,3.0,100.0,7.3,Overcast
2025-07-01 06:00:00,25.0,92.0,30.1,0.0,0.0,3.0,100.0,5.2,Overcast
2025-07-01 07:00:00,26.1,90.0,31.7,0.0,0.0,3.0,100.0,4.4,Overcast
2025-07-01 08:00:00,28.0,85.0,33.9,0.0,0.0,3.0,100.0,7.0,Overcast
2025-07-01 09:00:00,28.9,83.0,35.0,0.4,0.4,51.0,100.0,7.7,Drizzle: Light
2025-07-01 10:00:00,29.8,80.0,36.5,0.4,0.4,51.0,97.0,6.4,Drizzle: Light
2025-07-01 11:00:00,30.5,75.0,37.5,0.4,0.4,51.0,75.0,6.0,Drizzle: Light
2025-07-01 12:00:00,30.8,72.0,37.3,0.3,0.3,51.0,100.0,7.8,Drizzle: Light
2025-07-01 13:00:00,26.6,86.0,31.9,10.9,10.9,65.0,100.0,5.6,Rain: Heavy
2025-07-01 14:00:00,26.4,89.0,31.9,0.8,0.8,53.0,100.0,5.4,Drizzle: Moderate
2025-07-01 15:00:00,27.0,87.0,32.5,1.0,1.0,55.0,100.0,6.7,Drizzle: Dense
2025-07-01 16:00:00,26.8,86.0,31.8,0.2,0.2,51.0,100.0,8.8,Drizzle: Light
2025-07-01 17:00:00,26.8,86.0,31.9,0.1,0.1,51.0,100.0,7.6,Drizzle: Light
2025-07-01 18:00:00,26.6,88.0,32.4,0.1,0.1,51.0,100.0,3.8,Drizzle: Light
2025-07-01 19:00:00,26.4,90.0,32.4,0.0,0.0,3.0,100.0,2.6,Overcast
2025-07-01 20:00:00,26.2,95.0,32.7,1.1,1.1,55.0,100.0,2.7,Drizzle: Dense
2025-07-01 21:00:00,26.2,94.0,32.6,0.2,0.2,51.0,100.0,3.0,Drizzle: Light
2025-07-01 22:00:00,26.2,93.0,31.8,0.0,0.0,3.0,100.0,8.2,Overcast
2025-07-01 23:00:00,26.2,93.0,31.7,0.0,0.0,2.0,75.0,8.1,Partly cloudy
2025-07-02 00:00:00,25.6,96.0,31.8,0.0,0.0,3.0,99.0,3.5,Overcast
2025-07-02 01:00:00,25.7,96.0,30.9,0.1,0.1,51.0,98.0,10.1,Drizzle: Light
2025-07-02 02:00:00,24.9,95.0,29.6,0.2,0.2,51.0,100.0,9.5,Drizzle: Light
2025-07-02 03:00:00,24.5,96.0,29.3,0.1,0.1,51.0,100.0,8.6,Drizzle: Light
2025-07-02 04:00:00,24.3,97.0,29.2,0.1,0.1,51.0,100.0,7.5,Drizzle: Light
2025-07-02 05:00:00,24.3,98.0,29.6,0.0,0.0,3.0,100.0,4.7,Overcast
2025-07-02 06:00:00,24.4,97.0,30.0,0.0,0.0,3.0,100.0,2.7,Overcast
2025-07-02 07:00:00,25.2,94.0,30.9,0.0,0.0,3.0,100.0,3.3,Overcast
2025-07-02 08:00:00,26.8,87.0,32.0,0.0,0.0,3.0,100.0,8.1,Overcast
2025-07-02 09:00:00,28.2,81.0,33.4,0.0,0.0,3.0,100.0,8.7,Overcast
2025-07-02 10:00:00,29.2,76.0,34.8,0.1,0.1,51.0,100.0,9.7,Drizzle: Light
2025-07-02 11:00:00,30.2,73.0,36.6,0.2,0.2,51.0,100.0,9.8,Drizzle: Light
2025-07-02 12:00:00,30.8,72.0,37.8,0.2,0.2,51.0,100.0,10.2,Drizzle: Light
2025-07-02 13:00:00,30.6,71.0,36.3,0.2,0.2,51.0,100.0,13.8,Drizzle: Light
2025-07-02 14:00:00,29.6,71.0,35.0,5.1,5.1,63.0,100.0,3.9,Rain: Moderate
2025-07-02 15:00:00,27.3,83.0,32.2,6.6,6.6,63.0,100.0,9.0,Rain: Moderate
2025-07-02 16:00:00,26.8,87.0,31.8,0.2,0.2,51.0,100.0,10.1,Drizzle: Light
2025-07-02 17:00:00,25.9,87.0,30.1,0.8,0.8,53.0,100.0,11.6,Drizzle: Moderate
2025-07-02 18:00:00,25.5,92.0,30.7,0.7,0.7,53.0,100.0,6.5,Drizzle: Moderate
2025-07-02 19:00:00,25.3,94.0,31.3,0.6,0.6,53.0,100.0,2.2,Drizzle: Moderate
2025-07-02 20:00:00,26.3,88.0,31.4,0.3,0.3,51.0,100.0,6.8,Drizzle: Light
2025-07-02 21:00:00,25.6,92.0,31.4,0.2,0.2,51.0,100.0,2.9,Drizzle: Light
2025-07-02 22:00:00,25.6,94.0,30.7,0.0,0.0,3.0,100.0,9.0,Overcast
2025-07-02 23:00:00,25.2,95.0,30.1,0.0,0.0,3.0,100.0,9.3,Overcast
2025-07-03 00:00:00,25.0,95.0,29.7,0.0,0.0,3.0,100.0,10.3,Overcast
2025-07-03 01:00:00,24.9,96.0,29.7,0.0,0.0,3.0,100.0,9.7,Overcast
2025-07-03 02:00:00,24.9,96.0,30.0,0.0,0.0,3.0,100.0,7.0,Overcast
2025-07-03 03:00:00,24.7,96.0,29.8,0.0,0.0,3.0,100.0,7.0,Overcast
2025-07-03 04:00:00,24.5,97.0,29.6,0.0,0.0,3.0,100.0,7.1,Overcast
2025-07-03 05:00:00,24.4,98.0,29.6,0.0,0.0,3.0,100.0,6.7,Overcast
2025-07-03 06:00:00,24.6,97.0,29.7,0.0,0.0,3.0,100.0,6.8,Overcast
2025-07-03 07:00:00,25.2,94.0,30.0,0.0,0.0,3.0,100.0,9.7,Overcast
2025-07-03 08:00:00,26.8,87.0,32.0,0.2,0.2,51.0,100.0,8.3,Drizzle: Light
2025-07-03 09:00:00,28.0,80.0,33.0,0.0,0.0,3.0,100.0,8.5,Overcast
2025-07-03 10:00:00,29.3,73.0,34.4,0.1,0.1,51.0,100.0,9.7,Drizzle: Light
2025-07-03 11:00:00,30.5,66.0,36.0,0.1,0.1,51.0,100.0,10.9,Drizzle: Light
2025-07-03 12:00:00,31.1,64.0,37.2,0.0,0.0,3.0,100.0,10.2,Overcast
2025-07-03 13:00:00,31.5,63.0,37.8,0.0,0.0,3.0,100.0,8.9,Overcast
2025-07-03 14:00:00,31.7,63.0,37.8,0.1,0.1,51.0,100.0,9.1,Drizzle: Light
2025-07-03 15:00:00,26.7,82.0,29.9,5.9,5.9,63.0,100.0,17.5,Rain: Moderate
2025-07-03 16:00:00,26.5,87.0,31.2,1.6,1.6,61.0,100.0,10.8,Rain: Slight
2025-07-03 17:00:00,26.6,87.0,31.7,0.3,0.3,51.0,100.0,8.1,Drizzle: Light
2025-07-03 18:00:00,26.3,89.0,31.6,0.4,0.4,51.0,100.0,6.1,Drizzle: Light
2025-07-03 19:00:00,25.9,91.0,31.7,0.2,0.2,51.0,99.0,3.7,Drizzle: Light
2025-07-03 20:00:00,25.5,92.0,31.0,0.0,0.0,3.0,100.0,5.1,Overcast
2025-07-03 21:00:00,25.4,93.0,31.3,0.0,0.0,3.0,100.0,1.8,Overcast
2025-07-03 22:00:00,25.3,93.0,31.0,0.0,0.0,3.0,97.0,2.7,Overcast
2025-07-03 23:00:00,25.0,94.0,30.5,0.0,0.0,3.0,99.0,4.5,Overcast
2025-07-04 00:00:00,24.8,95.0,30.3,0.0,0.0,3.0,100.0,3.7,Overcast
2025-07-04 01:00:00,24.7,96.0,30.0,0.0,0.0,3.0,100.0,5.3,Overcast
2025-07-04 02:00:00,24.6,95.0,29.9,0.0,0.0,3.0,100.0,4.2,Overcast
2025-07-04 03:00:00,24.4,96.0,29.9,0.0,0.0,3.0,100.0,3.1,Overcast
2025-07-04 04:00:00,24.4,96.0,29.9,0.0,0.0,3.0,100.0,3.3,Overcast
2025-07-04 05:00:00,24.2,97.0,29.8,0.0,0.0,3.0,100.0,2.1,Overcast
2025-07-04 06:00:00,24.3,97.0,29.9,0.0,0.0,2.0,72.0,3.1,Partly cloudy
2025-07-04 07:00:00,25.5,93.0,31.2,0.0,0.0,3.0,82.0,3.0,Overcast
2025-07-04 08:00:00,27.2,84.0,33.2,0.0,0.0,3.0,97.0,2.5,Overcast
2025-07-04 09:00:00,28.7,75.0,33.8,0.1,0.1,51.0,45.0,6.8,Drizzle: Light
2025-07-04 10:00:00,30.0,69.0,35.6,0.0,0.0,1.0,32.0,7.7,Mainly clear
2025-07-04 11:00:00,30.7,64.0,35.8,0.2,0.2,51.0,23.0,12.7,Drizzle: Light
2025-07-04 12:00:00,31.5,62.0,37.3,0.0,0.0,2.0,62.0,11.1,Partly cloudy
2025-07-04 13:00:00,31.6,62.0,37.4,0.4,0.4,51.0,44.0,10.9,Drizzle: Light
2025-07-04 14:00:00,31.4,66.0,37.4,0.7,0.7,53.0,38.0,9.0,Drizzle: Moderate
2025-07-04 15:00:00,31.5,64.0,36.2,0.1,0.1,51.0,84.0,12.8,Drizzle: Light
2025-07-04 16:00:00,28.6,80.0,33.7,2.4,2.4,61.0,89.0,9.7,Rain: Slight
2025-07-04 17:00:00,28.7,81.0,34.3,0.0,0.0,3.0,94.0,8.0,Overcast
2025-07-04 18:00:00,28.2,81.0,33.4,0.3,0.3,51.0,85.0,9.2,Drizzle: Light
2025-07-04 19:00:00,27.5,86.0,33.1,0.0,0.0,2.0,79.0,7.2,Partly cloudy
2025-07-04 20:00:00,26.9,90.0,32.8,0.0,0.0,3.0,95.0,5.5,Overcast
2025-07-04 21:00:00,26.7,90.0,32.5,0.0,0.0,3.0,91.0,6.6,Overcast
2025-07-04 22:00:00,26.4,90.0,32.1,0.0,0.0,3.0,93.0,6.2,Overcast
2025-07-04 23:00:00,26.0,91.0,31.4,0.0,0.0,3.0,99.0,6.9,Overcast
2025-07-05 00:00:00,25.7,93.0,31.4,0.0,0.0,3.0,99.0,5.0,Overcast
2025-07-05 01:00:00,25.5,94.0,31.1,0.0,0.0,3.0,100.0,4.9,Overcast
2025-07-05 02:00:00,25.4,94.0,31.0,0.0,0.0,3.0,100.0,5.0,Overcast
2025-07-05 03:00:00,25.1,95.0,30.5,0.0,0.0,3.0,100.0,6.2,Overcast
2025-07-05 04:00:00,25.1,95.0,30.3,0.0,0.0,3.0,100.0,6.9,Overcast
2025-07-05 05:00:00,25.0,95.0,30.3,0.0,0.0,3.0,100.0,5.8,Overcast
2025-07-05 06:00:00,25.1,95.0,30.6,0.0,0.0,3.0,100.0,5.2,Overcast
2025-07-05 07:00:00,26.2,91.0,31.5,0.0,0.0,3.0,100.0,7.9,Overcast
2025-07-05 08:00:00,27.6,87.0,33.4,0.0,0.0,3.0,100.0,7.5,Overcast
2025-07-05 09:00:00,28.8,81.0,34.4,0.0,0.0,3.0,100.0,9.5,Overcast
2025-07-05 10:00:00,29.9,77.0,35.9,0.1,0.1,51.0,100.0,10.1,Drizzle: Light
2025-07-05 11:00:00,30.7,72.0,36.8,0.1,0.1,51.0,99.0,9.2,Drizzle: Light
2025-07-05 12:00:00,31.6,67.0,38.6,0.0,0.0,2.0,74.0,9.0,Partly cloudy
2025-07-05 13:00:00,32.1,63.0,38.7,0.0,0.0,3.0,99.0,9.9,Overcast
2025-07-05 14:00:00,31.4,65.0,36.8,0.0,0.0,3.0,100.0,12.7,Overcast
2025-07-05 15:00:00,28.4,81.0,33.3,0.9,0.9,53.0,85.0,11.8,Drizzle: Moderate
2025-07-05 16:00:00,28.4,83.0,34.5,0.3,0.3,51.0,85.0,5.7,Drizzle: Light
2025-07-05 17:00:00,26.5,87.0,31.4,4.4,4.4,63.0,96.0,8.9,Rain: Moderate
2025-07-05 18:00:00,26.9,88.0,33.0,0.1,0.1,51.0,99.0,2.6,Drizzle: Light
2025-07-05 19:00:00,27.0,90.0,33.1,0.0,0.0,3.0,100.0,5.2,Overcast
2025-07-05 20:00:00,27.6,84.0,32.8,0.0,0.0,3.0,98.0,8.8,Overcast
2025-07-05 21:00:00,27.2,86.0,32.6,0.0,0.0,3.0,97.0,8.3,Overcast
2025-07-05 22:00:00,27.1,87.0,32.3,0.0,0.0,3.0,99.0,9.0,Overcast
2025-07-05 23:00:00,26.8,87.0,31.9,0.0,0.0,3.0,100.0,8.6,Overcast
2025-07-06 00:00:00,26.5,89.0,31.5,0.0,0.0,3.0,100.0,9.2,Overcast
2025-07-06 01:00:00,26.3,90.0,31.4,0.0,0.0,3.0,100.0,9.0,Overcast
2025-07-06 02:00:00,26.2,91.0,31.4,0.0,0.0,3.0,100.0,8.0,Overcast
2025-07-06 03:00:00,26.1,91.0,31.5,0.0,0.0,3.0,99.0,7.3,Overcast
2025-07-06 04:00:00,25.8,93.0,31.1,0.0,0.0,3.0,100.0,7.5,Overcast
2025-07-06 05:00:00,25.6,94.0,30.9,0.0,0.0,3.0,100.0,7.6,Overcast
2025-07-06 06:00:00,25.7,93.0,31.2,0.0,0.0,3.0,100.0,6.0,Overcast
2025-07-06 07:00:00,26.6,89.0,31.8,0.0,0.0,3.0,100.0,8.8,Overcast
2025-07-06 08:00:00,28.0,83.0,33.1,0.0,0.0,3.0,100.0,11.1,Overcast
2025-07-06 09:00:00,29.1,80.0,34.3,0.0,0.0,3.0,100.0,12.0,Overcast
2025-07-06 10:00:00,30.0,76.0,35.7,0.0,0.0,3.0,100.0,12.4,Overcast
2025-07-06 11:00:00,30.9,70.0,37.0,0.1,0.1,51.0,100.0,12.8,Drizzle: Light
2025-07-06 12:00:00,30.7,70.0,36.3,0.3,0.3,51.0,100.0,12.4,Drizzle: Light
2025-07-06 13:00:00,28.3,80.0,33.6,7.5,7.5,63.0,100.0,7.9,Rain: Moderate
2025-07-06 14:00:00,29.0,77.0,34.0,0.1,0.1,51.0,100.0,10.3,Drizzle: Light
2025-07-06 15:00:00,29.6,74.0,34.3,0.2,0.2,51.0,100.0,11.7,Drizzle: Light
2025-07-06 16:00:00,29.3,75.0,33.8,0.9,0.9,53.0,100.0,13.0,Drizzle: Moderate
2025-07-06 17:00:00,27.7,86.0,33.3,1.3,1.3,61.0,100.0,8.1,Rain: Slight
2025-07-06 18:00:00,27.4,87.0,32.8,0.1,0.1,51.0,100.0,9.0,Drizzle: Light
2025-07-06 19:00:00,26.5,90.0,31.9,0.1,0.1,51.0,100.0,7.4,Drizzle: Light
2025-07-06 20:00:00,26.5,90.0,32.5,0.4,0.4,51.0,100.0,4.2,Drizzle: Light
2025-07-06 21:00:00,26.5,93.0,32.3,0.0,0.0,3.0,100.0,7.3,Overcast
2025-07-06 22:00:00,26.3,93.0,32.1,0.0,0.0,3.0,100.0,6.6,Overcast
2025-07-06 23:00:00,26.1,93.0,31.6,0.0,0.0,3.0,100.0,7.8,Overcast
2025-07-07 00:00:00,25.8,94.0,31.2,0.0,0.0,3.0,100.0,8.5,Overcast
2025-07-07 01:00:00,25.6,94.0,30.9,0.0,0.0,3.0,100.0,8.4,Overcast
2025-07-07 02:00:00,25.5,95.0,30.8,0.0,0.0,3.0,100.0,7.7,Overcast
2025-07-07 03:00:00,25.4,95.0,30.8,0.0,0.0,3.0,100.0,7.2,Overcast
2025-07-07 04:00:00,25.3,95.0,30.9,0.0,0.0,3.0,97.0,5.7,Overcast
2025-07-07 05:00:00,25.2,95.0,30.7,0.0,0.0,3.0,100.0,5.4,Overcast
2025-07-07 06:00:00,25.2,95.0,30.6,0.0,0.0,2.0,73.0,6.0,Partly cloudy
2025-07-07 07:00:00,26.3,89.0,31.1,0.0,0.0,1.0,40.0,10.7,Mainly clear
2025-07-07 08:00:00,28.0,84.0,33.6,0.0,0.0,2.0,53.0,8.4,Partly cloudy
2025-07-07 09:00:00,29.4,80.0,35.2,0.0,0.0,3.0,99.0,8.9,Overcast
2025-07-07 10:00:00,30.1,77.0,36.6,0.2,0.2,51.0,99.0,9.8,Drizzle: Light
2025-07-07 11:00:00,30.7,73.0,37.1,0.2,0.2,51.0,100.0,9.4,Drizzle: Light
2025-07-07 12:00:00,30.6,72.0,37.2,0.2,0.2,51.0,100.0,7.6,Drizzle: Light
2025-07-07 13:00:00,30.5,74.0,36.9,0.5,0.5,53.0,100.0,8.3,Drizzle: Moderate
2025-07-07 14:00:00,26.4,89.0,31.9,16.7,16.7,65.0,100.0,5.9,Rain: Heavy
2025-07-07 15:00:00,26.7,87.0,31.3,0.4,0.4,51.0,100.0,11.6,Drizzle: Light
2025-07-07 16:00:00,26.1,89.0,30.4,4.4,4.4,63.0,100.0,12.5,Rain: Moderate
2025-07-07 17:00:00,26.2,89.0,30.6,1.0,1.0,55.0,100.0,13.1,Drizzle: Dense
2025-07-07 18:00:00,25.8,91.0,30.5,0.4,0.4,51.0,100.0,10.3,Drizzle: Light
2025-07-07 19:00:00,25.6,92.0,30.7,0.0,0.0,3.0,100.0,7.6,Overcast
2025-07-07 20:00:00,25.5,95.0,30.9,0.3,0.3,51.0,100.0,7.8,Drizzle: Light
2025-07-07 21:00:00,25.5,95.0,30.5,0.1,0.1,51.0,100.0,10.0,Drizzle: Light
2025-07-07 22:00:00,25.2,95.0,30.5,0.0,0.0,3.0,100.0,7.3,Overcast
2025-07-07 23:00:00,25.1,96.0,30.2,0.0,0.0,3.0,96.0,8.3,Overcast
2025-07-08 00:00:00,25.1,96.0,30.1,0.0,0.0,3.0,80.0,8.8,Overcast
2025-07-08 01:00:00,25.1,96.0,30.1,0.0,0.0,3.0,99.0,9.2,Overcast
2025-07-08 02:00:00,25.0,96.0,30.1,0.0,0.0,2.0,76.0,8.1,Partly cloudy
2025-07-08 03:00:00,25.0,96.0,30.2,0.0,0.0,3.0,100.0,7.8,Overcast
2025-07-08 04:00:00,25.1,93.0,29.5,0.3,0.3,51.0,69.0,10.3,Drizzle: Light
2025-07-08 05:00:00,24.9,96.0,29.9,0.1,0.1,51.0,90.0,7.9,Drizzle: Light
2025-07-08 06:00:00,24.8,96.0,29.9,0.0,0.0,3.0,96.0,7.7,Overcast
2025-07-08 07:00:00,25.7,92.0,30.1,0.0,0.0,3.0,100.0,12.6,Overcast
2025-07-08 08:00:00,27.0,88.0,32.2,0.2,0.2,51.0,100.0,9.8,Drizzle: Light
2025-07-08 09:00:00,27.9,82.0,32.7,0.2,0.2,51.0,98.0,11.3,Drizzle: Light
2025-07-08 10:00:00,28.5,79.0,33.2,0.2,0.2,51.0,98.0,11.5,Drizzle: Light
2025-07-08 11:00:00,29.4,76.0,35.4,0.2,0.2,51.0,99.0,10.4,Drizzle: Light
2025-07-08 12:00:00,30.3,73.0,36.9,0.1,0.1,51.0,100.0,9.7,Drizzle: Light
2025-07-08 13:00:00,30.7,71.0,37.2,0.1,0.1,51.0,100.0,10.6,Drizzle: Light
2025-07-08 14:00:00,30.9,69.0,36.9,0.1,0.1,51.0,100.0,10.4,Drizzle: Light
2025-07-08 15:00:00,30.6,71.0,36.2,0.2,0.2,51.0,100.0,9.4,Drizzle: Light
2025-07-08 16:00:00,26.2,88.0,29.8,9.2,9.2,65.0,99.0,17.4,Rain: Heavy
2025-07-08 17:00:00,26.3,87.0,32.0,0.6,0.6,53.0,100.0,2.9,Drizzle: Moderate
2025-07-08 18:00:00,26.2,90.0,31.9,0.4,0.4,51.0,100.0,4.5,Drizzle: Light
2025-07-08 19:00:00,26.2,92.0,31.7,0.1,0.1,51.0,100.0,6.9,Drizzle: Light
2025-07-08 20:00:00,28.1,85.0,34.0,0.0,0.0,3.0,98.0,7.7,Overcast
2025-07-08 21:00:00,27.5,85.0,33.0,0.0,0.0,3.0,99.0,7.6,Overcast
2025-07-08 22:00:00,26.9,87.0,32.2,0.0,0.0,3.0,100.0,7.8,Overcast
2025-07-08 23:00:00,26.5,86.0,31.1,0.0,0.0,3.0,100.0,10.6,Overcast
2025-07-09 00:00:00,26.3,87.0,30.8,0.0,0.0,3.0,100.0,11.1,Overcast
2025-07-09 01:00:00,26.0,89.0,30.5,0.0,0.0,3.0,100.0,11.0,Overcast
2025-07-09 02:00:00,25.7,90.0,30.3,0.0,0.0,3.0,100.0,10.4,Overcast
2025-07-09 03:00:00,25.5,91.0,30.2,0.0,0.0,2.0,67.0,9.3,Partly cloudy
2025-07-09 04:00:00,25.2,92.0,30.0,0.0,0.0,3.0,80.0,7.7,Overcast
2025-07-09 05:00:00,24.9,94.0,29.9,0.0,0.0,3.0,100.0,7.0,Overcast
2025-07-09 06:00:00,24.8,94.0,29.9,0.0,0.0,3.0,90.0,6.4,Overcast
2025-07-09 07:00:00,26.0,90.0,31.0,0.0,0.0,2.0,51.0,7.8,Partly cloudy
2025-07-09 08:00:00,27.8,85.0,33.3,0.0,0.0,3.0,93.0,8.1,Overcast
2025-07-09 09:00:00,29.2,78.0,34.4,0.0,0.0,1.0,23.0,11.0,Mainly clear
2025-07-09 10:00:00,26.6,84.0,31.5,5.5,5.5,63.0,99.0,13.6,Rain: Moderate
2025-07-09 11:00:00,28.4,78.0,32.8,0.3,0.3,51.0,91.0,12.2,Drizzle: Light
2025-07-09 12:00:00,29.5,75.0,34.7,0.1,0.1,51.0,77.0,13.1,Drizzle: Light
2025-07-09 13:00:00,28.4,79.0,34.4,6.1,6.1,63.0,95.0,11.5,Rain: Moderate
2025-07-09 14:00:00,28.6,78.0,33.0,0.2,0.2,51.0,70.0,12.4,Drizzle: Light
2025-07-09 15:00:00,30.1,73.0,35.5,0.0,0.0,3.0,99.0,12.9,Overcast
2025-07-09 16:00:00,29.5,74.0,33.9,1.1,1.1,55.0,99.0,13.0,Drizzle: Dense
2025-07-09 17:00:00,25.6,88.0,30.2,7.6,7.6,65.0,99.0,7.7,Rain: Heavy
2025-07-09 18:00:00,25.4,92.0,31.3,0.9,0.9,53.0,62.0,2.0,Drizzle: Moderate
2025-07-09 19:00:00,25.5,95.0,31.5,0.2,0.2,51.0,76.0,3.3,Drizzle: Light
2025-07-09 20:00:00,27.5,84.0,33.0,0.0,0.0,2.0,67.0,6.1,Partly cloudy
2025-07-09 21:00:00,27.2,83.0,32.3,0.0,0.0,0.0,1.0,7.7,Clear sky
2025-07-09 22:00:00,26.7,84.0,31.6,0.0,0.0,2.0,70.0,6.6,Partly cloudy
2025-07-09 23:00:00,26.1,87.0,31.1,0.0,0.0,0.0,16.0,6.2,Clear sky
2025-07-10 00:00:00,25.8,89.0,30.8,0.0,0.0,0.0,4.0,6.7,Clear sky
2025-07-10 01:00:00,25.5,90.0,30.5,0.0,0.0,0.0,11.0,6.7,Clear sky
2025-07-10 02:00:00,25.3,91.0,30.4,0.0,0.0,0.0,1.0,5.6,Clear sky
2025-07-10 03:00:00,25.0,93.0,30.2,0.0,0.0,1.0,38.0,4.8,Mainly clear
2025-07-10 04:00:00,24.8,94.0,29.9,0.0,0.0,0.0,10.0,5.2,Clear sky
2025-07-10 05:00:00,24.6,95.0,29.6,0.0,0.0,0.0,3.0,6.5,Clear sky
2025-07-10 06:00:00,24.6,96.0,29.6,0.0,0.0,0.0,0.0,6.4,Clear sky
2025-07-10 07:00:00,25.6,93.0,31.0,0.0,0.0,0.0,0.0,6.2,Clear sky
2025-07-10 08:00:00,27.8,87.0,33.8,0.0,0.0,0.0,5.0,6.7,Clear sky
2025-07-10 09:00:00,29.4,81.0,35.0,0.1,0.1,51.0,7.0,11.4,Drizzle: Light
2025-07-10 10:00:00,30.6,77.0,37.4,0.1,0.1,51.0,11.0,10.8,Drizzle: Light
2025-07-10 11:00:00,31.6,72.0,38.8,0.3,0.3,51.0,81.0,12.8,Drizzle: Light
2025-07-10 12:00:00,31.8,67.0,37.9,0.3,0.3,51.0,72.0,15.4,Drizzle: Light
2025-07-10 13:00:00,31.5,69.0,37.4,0.2,0.2,51.0,90.0,13.9,Drizzle: Light
2025-07-10 14:00:00,28.9,74.0,32.3,0.5,0.5,53.0,93.0,21.1,Drizzle: Moderate
2025-07-10 15:00:00,28.5,82.0,34.1,0.4,0.4,51.0,90.0,8.6,Drizzle: Light
2025-07-10 16:00:00,29.2,78.0,34.2,0.0,0.0,3.0,98.0,11.5,Overcast
2025-07-10 17:00:00,28.2,82.0,33.0,0.1,0.1,51.0,87.0,12.3,Drizzle: Light
2025-07-10 18:00:00,27.8,84.0,33.0,0.0,0.0,2.0,79.0,9.8,Partly cloudy
2025-07-10 19:00:00,26.3,89.0,31.3,1.9,1.9,61.0,99.0,8.6,Rain: Slight
2025-07-10 20:00:00,25.4,97.0,31.8,0.0,0.0,1.0,42.0,1.4,Mainly clear
2025-07-10 21:00:00,26.0,93.0,31.8,0.0,0.0,0.0,8.0,4.9,Clear sky
2025-07-10 22:00:00,27.0,85.0,31.9,0.0,0.0,0.0,11.0,9.8,Clear sky
2025-07-10 23:00:00,26.8,85.0,31.3,0.0,0.0,1.0,38.0,10.8,Mainly clear
2025-07-11 00:00:00,26.6,86.0,31.2,0.0,0.0,1.0,28.0,10.7,Mainly clear
2025-07-11 01:00:00,26.2,88.0,30.9,0.0,0.0,3.0,83.0,10.4,Overcast
2025-07-11 02:00:00,26.0,89.0,30.7,0.0,0.0,3.0,90.0,10.1,Overcast
2025-07-11 03:00:00,25.8,91.0,30.6,0.0,0.0,2.0,66.0,9.2,Partly cloudy
2025-07-11 04:00:00,25.6,91.0,30.3,0.0,0.0,1.0,45.0,10.2,Mainly clear
2025-07-11 05:00:00,25.6,91.0,30.4,0.0,0.0,3.0,97.0,9.2,Overcast
2025-07-11 06:00:00,25.6,91.0,30.5,0.0,0.0,2.0,72.0,8.9,Partly cloudy
2025-07-11 07:00:00,26.8,86.0,31.4,0.0,0.0,1.0,46.0,11.7,Mainly clear
2025-07-11 08:00:00,28.8,79.0,33.3,0.0,0.0,3.0,92.0,14.5,Overcast
2025-07-11 09:00:00,29.9,75.0,34.3,0.0,0.0,3.0,98.0,15.4,Overcast
2025-07-11 10:00:00,30.6,73.0,36.0,0.1,0.1,51.0,99.0,15.6,Drizzle: Light
2025-07-11 11:00:00,29.5,75.0,35.4,4.0,4.0,63.0,100.0,14.4,Rain: Moderate
2025-07-11 12:00:00,30.9,70.0,35.8,0.0,0.0,3.0,99.0,10.9,Overcast
2025-07-11 13:00:00,31.7,67.0,37.2,0.1,0.1,51.0,100.0,13.6,Drizzle: Light
2025-07-11 14:00:00,29.2,77.0,34.6,4.0,4.0,63.0,100.0,7.6,Rain: Moderate
2025-07-11 15:00:00,29.3,74.0,33.7,0.2,0.2,51.0,99.0,12.7,Drizzle: Light
2025-07-11 16:00:00,28.8,79.0,34.0,0.0,0.0,3.0,98.0,9.6,Overcast
2025-07-11 17:00:00,28.0,77.0,32.0,1.4,1.4,61.0,96.0,12.6,Rain: Slight
2025-07-11 18:00:00,27.1,86.0,32.7,0.3,0.3,51.0,98.0,5.8,Drizzle: Light
2025-07-11 19:00:00,26.6,89.0,32.7,0.0,0.0,1.0,32.0,3.6,Mainly clear
2025-07-11 20:00:00,27.5,86.0,33.1,0.0,0.0,3.0,81.0,7.5,Overcast
2025-07-11 21:00:00,27.3,86.0,32.6,0.0,0.0,2.0,75.0,9.3,Partly cloudy
2025-07-11 22:00:00,26.9,89.0,32.4,0.0,0.0,1.0,40.0,7.5,Mainly clear
2025-07-11 23:00:00,26.5,91.0,32.3,0.0,0.0,2.0,51.0,6.3,Partly cloudy
2025-07-12 00:00:00,26.3,92.0,31.9,0.0,0.0,3.0,90.0,6.8,Overcast
2025-07-12 01:00:00,26.1,92.0,31.3,0.0,0.0,0.0,1.0,9.3,Clear sky
2025-07-12 02:00:00,25.9,93.0,31.2,0.0,0.0,0.0,12.0,8.1,Clear sky
2025-07-12 03:00:00,25.8,94.0,31.3,0.0,0.0,0.0,1.0,6.9,Clear sky
2025-07-12 04:00:00,25.6,94.0,31.0,0.0,0.0,0.0,9.0,7.7,Clear sky
2025-07-12 05:00:00,25.5,95.0,31.0,0.0,0.0,1.0,48.0,7.5,Mainly clear
2025-07-12 06:00:00,25.5,95.0,31.0,0.0,0.0,0.0,11.0,7.0,Clear sky
2025-07-12 07:00:00,26.6,90.0,31.6,0.0,0.0,1.0,42.0,10.4,Mainly clear
2025-07-12 08:00:00,28.4,83.0,33.6,0.0,0.0,1.0,25.0,11.9,Mainly clear
2025-07-12 09:00:00,29.5,79.0,34.9,0.1,0.1,51.0,36.0,10.7,Drizzle: Light
2025-07-12 10:00:00,30.5,76.0,37.0,0.0,0.0,1.0,27.0,9.8,Mainly clear
2025-07-12 11:00:00,31.3,73.0,38.5,0.1,0.1,51.0,51.0,10.4,Drizzle: Light
2025-07-12 12:00:00,32.0,68.0,39.3,0.2,0.2,51.0,100.0,9.6,Drizzle: Light
2025-07-12 13:00:00,27.8,84.0,33.4,3.0,3.0,63.0,84.0,10.0,Rain: Moderate
2025-07-12 14:00:00,29.7,78.0,35.7,0.2,0.2,51.0,81.0,7.1,Drizzle: Light
2025-07-12 15:00:00,29.2,78.0,34.4,0.8,0.8,53.0,93.0,9.7,Drizzle: Moderate
2025-07-12 16:00:00,28.5,79.0,34.5,2.7,2.7,63.0,99.0,3.1,Rain: Moderate
2025-07-12 17:00:00,25.6,90.0,30.4,8.2,8.2,65.0,100.0,8.3,Rain: Heavy
2025-07-12 18:00:00,25.4,94.0,31.3,1.1,1.1,55.0,90.0,2.9,Drizzle: Dense
2025-07-12 19:00:00,25.2,94.0,31.3,0.2,0.2,51.0,81.0,1.2,Drizzle: Light
2025-07-12 20:00:00,27.2,93.0,34.2,0.0,0.0,2.0,78.0,2.8,Partly cloudy
2025-07-12 21:00:00,27.1,93.0,33.6,0.0,0.0,3.0,100.0,5.8,Overcast
2025-07-12 22:00:00,27.0,90.0,32.9,0.1,0.1,51.0,93.0,6.8,Drizzle: Light
2025-07-12 23:00:00,26.8,90.0,32.6,0.1,0.1,51.0,99.0,6.1,Drizzle: Light
2025-07-13 00:00:00,26.5,92.0,32.3,0.0,0.0,3.0,95.0,7.2,Overcast
2025-07-13 01:00:00,26.3,93.0,31.9,0.0,0.0,2.0,56.0,7.8,Partly cloudy
2025-07-13 02:00:00,26.1,92.0,31.7,0.0,0.0,0.0,7.0,6.9,Clear sky
2025-07-13 03:00:00,25.9,92.0,31.4,0.0,0.0,3.0,80.0,6.5,Overcast
2025-07-13 04:00:00,25.7,92.0,31.1,0.0,0.0,3.0,99.0,6.3,Overcast
2025-07-13 05:00:00,25.5,92.0,30.9,0.0,0.0,2.0,70.0,5.9,Partly cloudy
2025-07-13 06:00:00,25.5,93.0,31.0,0.0,0.0,0.0,11.0,5.1,Clear sky
2025-07-13 07:00:00,26.5,90.0,32.3,0.0,0.0,1.0,29.0,5.0,Mainly clear
2025-07-13 08:00:00,28.4,83.0,34.3,0.0,0.0,1.0,33.0,6.2,Mainly clear
2025-07-13 09:00:00,29.6,79.0,35.4,0.1,0.1,51.0,27.0,8.5,Drizzle: Light
2025-07-13 10:00:00,30.6,74.0,37.5,0.1,0.1,51.0,29.0,8.3,Drizzle: Light
2025-07-13 11:00:00,31.3,69.0,38.3,0.3,0.3,51.0,100.0,9.5,Drizzle: Light
2025-07-13 12:00:00,30.5,71.0,35.7,0.2,0.2,51.0,100.0,8.4,Drizzle: Light
2025-07-13 13:00:00,27.5,86.0,33.1,5.4,5.4,63.0,94.0,8.2,Rain: Moderate
2025-07-13 14:00:00,28.8,81.0,34.5,0.2,0.2,51.0,90.0,7.7,Drizzle: Light
2025-07-13 15:00:00,28.0,80.0,32.3,4.5,4.5,63.0,93.0,13.1,Rain: Moderate
2025-07-13 16:00:00,27.7,84.0,32.7,0.1,0.1,51.0,88.0,11.2,Drizzle: Light
2025-07-13 17:00:00,27.7,82.0,31.9,0.0,0.0,3.0,99.0,14.5,Overcast
2025-07-13 18:00:00,27.4,85.0,33.3,0.0,0.0,3.0,99.0,4.7,Overcast
2025-07-13 19:00:00,26.9,89.0,32.9,0.0,0.0,3.0,97.0,4.6,Overcast
2025-07-13 20:00:00,26.4,90.0,32.4,0.0,0.0,3.0,100.0,3.6,Overcast
2025-07-13 21:00:00,26.3,91.0,32.3,0.0,0.0,3.0,100.0,3.6,Overcast
2025-07-13 22:00:00,26.2,93.0,32.7,0.0,0.0,3.0,100.0,1.7,Overcast
2025-07-13 23:00:00,26.2,93.0,32.3,0.0,0.0,3.0,93.0,4.2,Overcast
2025-07-14 00:00:00,26.1,94.0,32.2,0.0,0.0,3.0,97.0,4.4,Overcast
2025-07-14 01:00:00,25.9,95.0,32.2,0.0,0.0,2.0,59.0,2.9,Partly cloudy
2025-07-14 02:00:00,25.7,95.0,32.0,0.0,0.0,0.0,8.0,2.8,Clear sky
2025-07-14 03:00:00,25.6,96.0,31.7,0.0,0.0,2.0,76.0,3.9,Partly cloudy
2025-07-14 04:00:00,25.5,95.0,31.5,0.0,0.0,3.0,97.0,4.2,Overcast
2025-07-14 05:00:00,25.3,96.0,31.3,0.0,0.0,0.0,13.0,3.8,Clear sky
2025-07-14 06:00:00,25.3,96.0,31.2,0.0,0.0,0.0,4.0,4.3,Clear sky
2025-07-14 07:00:00,26.2,93.0,32.6,0.0,0.0,0.0,4.0,3.1,Clear sky
2025-07-14 08:00:00,28.2,85.0,34.3,0.1,0.1,51.0,92.0,5.9,Drizzle: Light
2025-07-14 09:00:00,29.4,80.0,35.6,0.2,0.2,51.0,97.0,7.1,Drizzle: Light
2025-07-14 10:00:00,30.5,76.0,37.6,0.2,0.2,51.0,92.0,6.7,Drizzle: Light
2025-07-14 11:00:00,31.3,71.0,38.8,0.2,0.2,51.0,83.0,7.1,Drizzle: Light
2025-07-14 12:00:00,26.5,87.0,31.1,15.9,15.9,65.0,98.0,15.0,Rain: Heavy
2025-07-14 13:00:00,27.8,81.0,32.1,0.6,0.6,53.0,90.0,12.8,Drizzle: Moderate
2025-07-14 14:00:00,29.4,76.0,35.0,0.9,0.9,53.0,99.0,7.9,Drizzle: Moderate
2025-07-14 15:00:00,28.8,82.0,34.7,2.0,2.0,61.0,100.0,7.5,Rain: Slight
2025-07-14 16:00:00,27.9,81.0,32.5,0.7,0.7,53.0,100.0,11.7,Drizzle: Moderate
2025-07-14 17:00:00,27.8,85.0,33.1,0.0,0.0,3.0,100.0,9.4,Overcast
2025-07-14 18:00:00,27.4,88.0,33.2,0.0,0.0,3.0,93.0,6.6,Overcast
2025-07-14 19:00:00,27.0,90.0,33.1,0.0,0.0,2.0,75.0,5.2,Partly cloudy
2025-07-14 20:00:00,26.4,91.0,32.3,0.0,0.0,2.0,64.0,5.6,Partly cloudy
2025-07-14 21:00:00,26.4,93.0,32.6,0.0,0.0,1.0,36.0,4.7,Mainly clear
2025-07-14 22:00:00,26.4,93.0,32.3,0.0,0.0,1.0,47.0,6.2,Mainly clear
2025-07-14 23:00:00,26.2,93.0,32.1,0.0,0.0,3.0,83.0,5.7,Overcast
2025-07-15 00:00:00,26.0,94.0,31.7,0.0,0.0,3.0,85.0,6.8,Overcast
2025-07-15 01:00:00,25.9,94.0,31.6,0.0,0.0,3.0,98.0,6.8,Overcast
2025-07-15 02:00:00,25.6,96.0,31.6,0.0,0.0,3.0,99.0,3.9,Overcast
2025-07-15 03:00:00,25.5,96.0,31.4,0.0,0.0,3.0,99.0,4.7,Overcast
2025-07-15 04:00:00,25.2,97.0,31.3,0.0,0.0,3.0,100.0,3.1,Overcast
2025-07-15 05:00:00,25.1,97.0,31.1,0.0,0.0,2.0,59.0,3.4,Partly cloudy
2025-07-15 06:00:00,25.3,96.0,31.2,0.0,0.0,2.0,60.0,3.7,Partly cloudy
2025-07-15 07:00:00,26.2,92.0,31.6,0.0,0.0,2.0,73.0,8.0,Partly cloudy
2025-07-15 08:00:00,28.1,86.0,34.1,0.0,0.0,3.0,90.0,7.0,Overcast
2025-07-15 09:00:00,29.3,81.0,35.5,0.1,0.1,51.0,87.0,6.5,Drizzle: Light
2025-07-15 10:00:00,30.5,75.0,37.4,0.1,0.1,51.0,54.0,7.8,Drizzle: Light
2025-07-15 11:00:00,30.8,72.0,37.2,0.2,0.2,51.0,99.0,12.0,Drizzle: Light
2025-07-15 12:00:00,28.5,82.0,35.1,4.9,4.9,63.0,75.0,7.3,Rain: Moderate
2025-07-15 13:00:00,30.3,76.0,37.1,0.1,0.1,51.0,92.0,10.7,Drizzle: Light
2025-07-15 14:00:00,29.6,74.0,34.7,2.0,2.0,61.0,96.0,15.4,Rain: Slight
2025-07-15 15:00:00,28.0,80.0,32.0,1.6,1.6,61.0,99.0,14.8,Rain: Slight
2025-07-15 16:00:00,28.5,80.0,33.4,0.4,0.4,51.0,99.0,11.2,Drizzle: Light
2025-07-15 17:00:00,27.9,84.0,33.2,2.2,2.2,61.0,100.0,9.8,Rain: Slight
2025-07-15 18:00:00,27.3,85.0,31.9,0.1,0.1,51.0,90.0,13.1,Drizzle: Light
2025-07-15 19:00:00,26.6,89.0,32.0,0.0,0.0,3.0,94.0,6.9,Overcast
2025-07-15 20:00:00,26.2,93.0,31.8,0.2,0.2,51.0,99.0,7.8,Drizzle: Light
2025-07-15 21:00:00,26.1,94.0,31.6,0.1,0.1,51.0,92.0,8.5,Drizzle: Light
2025-07-15 22:00:00,26.0,94.0,31.7,0.1,0.1,51.0,61.0,6.9,Drizzle: Light
2025-07-15 23:00:00,25.7,95.0,31.3,0.0,0.0,3.0,94.0,7.4,Overcast
2025-07-16 00:00:00,25.5,95.0,31.3,0.0,0.0,3.0,96.0,5.1,Overcast
2025-07-16 01:00:00,25.4,96.0,31.3,0.0,0.0,3.0,99.0,4.0,Overcast
2025-07-16 02:00:00,25.4,96.0,31.2,0.0,0.0,3.0,95.0,5.0,Overcast
2025-07-16 03:00:00,25.3,96.0,31.0,0.0,0.0,3.0,99.0,5.3,Overcast
2025-07-16 04:00:00,25.0,96.0,30.8,0.0,0.0,3.0,93.0,3.8,Overcast
2025-07-16 05:00:00,24.9,97.0,30.7,0.0,0.0,3.0,95.0,3.2,Overcast
2025-07-16 06:00:00,25.2,96.0,31.2,0.0,0.0,2.0,68.0,3.5,Partly cloudy
2025-07-16 07:00:00,26.4,91.0,31.9,0.0,0.0,3.0,93.0,7.4,Overcast
2025-07-16 08:00:00,28.3,85.0,34.4,0.0,0.0,3.0,93.0,6.6,Overcast
2025-07-16 09:00:00,29.5,79.0,35.4,0.0,0.0,1.0,30.0,8.0,Mainly clear
2025-07-16 10:00:00,30.5,73.0,36.7,0.0,0.0,3.0,83.0,10.5,Overcast
2025-07-16 11:00:00,27.2,82.0,32.3,3.8,3.8,63.0,100.0,15.6,Rain: Moderate
2025-07-16 12:00:00,27.5,84.0,32.6,0.3,0.3,51.0,100.0,8.4,Drizzle: Light
2025-07-16 13:00:00,29.6,74.0,36.0,0.1,0.1,51.0,99.0,8.6,Drizzle: Light
2025-07-16 14:00:00,30.0,73.0,35.7,0.0,0.0,3.0,100.0,8.4,Overcast
2025-07-16 15:00:00,30.5,71.0,36.0,0.1,0.1,51.0,100.0,10.5,Drizzle: Light
2025-07-16 16:00:00,25.9,89.0,30.1,3.0,3.0,63.0,100.0,12.3,Rain: Moderate
2025-07-16 17:00:00,26.0,91.0,31.8,2.4,2.4,61.0,100.0,3.7,Rain: Slight
2025-07-16 18:00:00,26.0,93.0,32.1,0.0,0.0,3.0,100.0,3.0,Overcast
2025-07-16 19:00:00,25.8,95.0,31.9,0.0,0.0,3.0,98.0,3.8,Overcast
2025-07-16 20:00:00,25.7,94.0,31.2,0.0,0.0,3.0,98.0,6.3,Overcast
2025-07-16 21:00:00,25.6,95.0,31.2,0.0,0.0,3.0,100.0,6.5,Overcast
2025-07-16 22:00:00,25.5,95.0,31.1,0.0,0.0,3.0,82.0,6.2,Overcast
2025-07-16 23:00:00,25.5,94.0,31.1,0.0,0.0,3.0,100.0,5.8,Overcast
2025-07-17 00:00:00,25.4,94.0,31.2,0.0,0.0,3.0,100.0,4.4,Overcast
2025-07-17 01:00:00,25.3,94.0,30.8,0.0,0.0,3.0,100.0,5.7,Overcast
2025-07-17 02:00:00,25.2,95.0,30.9,0.0,0.0,3.0,81.0,3.9,Overcast
2025-07-17 03:00:00,25.1,95.0,30.9,0.0,0.0,3.0,90.0,3.0,Overcast
2025-07-17 04:00:00,25.0,96.0,31.0,0.0,0.0,3.0,100.0,1.9,Overcast
2025-07-17 05:00:00,25.1,95.0,30.8,0.0,0.0,3.0,100.0,3.4,Overcast
2025-07-17 06:00:00,25.0,96.0,30.4,0.1,0.1,51.0,37.0,6.9,Drizzle: Light
2025-07-17 07:00:00,25.9,93.0,31.7,0.0,0.0,0.0,19.0,5.2,Clear sky
2025-07-17 08:00:00,27.0,90.0,32.6,0.0,0.0,3.0,100.0,7.9,Overcast
2025-07-17 09:00:00,27.7,83.0,33.1,0.2,0.2,51.0,100.0,7.3,Drizzle: Light
2025-07-17 10:00:00,28.2,84.0,34.0,0.3,0.3,51.0,97.0,7.4,Drizzle: Light
2025-07-17 11:00:00,26.6,85.0,30.7,5.7,5.7,63.0,91.0,13.2,Rain: Moderate
2025-07-17 12:00:00,27.7,85.0,34.8,6.2,6.2,63.0,96.0,0.9,Rain: Moderate
2025-07-17 13:00:00,28.7,82.0,34.0,0.4,0.4,51.0,75.0,11.2,Drizzle: Light
2025-07-17 14:00:00,27.9,83.0,33.6,2.2,2.2,61.0,94.0,8.6,Rain: Slight
2025-07-17 15:00:00,28.2,81.0,32.8,0.0,0.0,3.0,97.0,12.4,Overcast
2025-07-17 16:00:00,28.1,82.0,33.0,0.1,0.1,51.0,95.0,11.6,Drizzle: Light
2025-07-17 17:00:00,28.2,83.0,33.8,0.0,0.0,3.0,95.0,8.1,Overcast
2025-07-17 18:00:00,27.8,85.0,33.5,0.0,0.0,3.0,95.0,7.4,Overcast
2025-07-17 19:00:00,27.2,89.0,33.2,0.0,0.0,3.0,99.0,5.6,Overcast
2025-07-17 20:00:00,26.9,91.0,33.3,0.0,0.0,3.0,100.0,3.7,Overcast
2025-07-17 21:00:00,27.0,90.0,32.8,0.0,0.0,3.0,100.0,7.3,Overcast
2025-07-17 22:00:00,26.7,91.0,32.2,0.0,0.0,3.0,100.0,8.4,Overcast
2025-07-17 23:00:00,26.5,91.0,32.0,0.0,0.0,3.0,100.0,8.8,Overcast
2025-07-18 00:00:00,26.3,91.0,31.6,0.0,0.0,3.0,100.0,8.5,Overcast
2025-07-18 01:00:00,26.1,90.0,31.0,0.0,0.0,3.0,100.0,9.6,Overcast
2025-07-18 02:00:00,25.8,91.0,30.8,0.0,0.0,3.0,100.0,8.3,Overcast
2025-07-18 03:00:00,25.5,92.0,30.6,0.0,0.0,3.0,100.0,7.0,Overcast
2025-07-18 04:00:00,25.5,91.0,30.7,0.0,0.0,3.0,100.0,6.1,Overcast
2025-07-18 05:00:00,25.2,93.0,30.4,0.0,0.0,3.0,100.0,5.2,Overcast
2025-07-18 06:00:00,25.1,93.0,30.3,0.0,0.0,3.0,95.0,5.9,Overcast
2025-07-18 07:00:00,26.1,90.0,31.6,0.0,0.0,3.0,98.0,5.1,Overcast
2025-07-18 08:00:00,27.5,82.0,32.8,0.0,0.0,3.0,100.0,6.7,Overcast
2025-07-18 09:00:00,28.2,81.0,33.5,0.0,0.0,3.0,100.0,8.6,Overcast
2025-07-18 10:00:00,29.5,78.0,35.2,0.1,0.1,51.0,100.0,9.8,Drizzle: Light
2025-07-18 11:00:00,29.8,74.0,34.7,0.2,0.2,51.0,100.0,11.3,Drizzle: Light
2025-07-18 12:00:00,26.0,87.0,29.7,4.6,4.6,63.0,99.0,15.0,Rain: Moderate
2025-07-18 13:00:00,25.6,87.0,30.3,0.0,0.0,3.0,97.0,5.9,Overcast
2025-07-18 14:00:00,27.6,82.0,32.3,0.2,0.2,51.0,100.0,10.5,Drizzle: Light
2025-07-18 15:00:00,27.5,80.0,32.2,0.5,0.5,53.0,100.0,8.4,Drizzle: Moderate
2025-07-18 16:00:00,27.7,81.0,32.6,0.2,0.2,51.0,100.0,8.7,Drizzle: Light
2025-07-18 17:00:00,27.7,83.0,32.3,0.2,0.2,51.0,100.0,12.4,Drizzle: Light
2025-07-18 18:00:00,26.9,89.0,32.6,0.5,0.5,53.0,100.0,6.7,Drizzle: Moderate
2025-07-18 19:00:00,26.3,93.0,32.6,0.1,0.1,51.0,100.0,3.7,Drizzle: Light
2025-07-18 20:00:00,25.1,92.0,30.5,0.2,0.2,51.0,100.0,3.5,Drizzle: Light
2025-07-18 21:00:00,25.2,93.0,30.5,0.1,0.1,51.0,100.0,5.2,Drizzle: Light
2025-07-18 22:00:00,25.1,94.0,30.9,0.0,0.0,3.0,100.0,2.4,Overcast
2025-07-18 23:00:00,25.4,93.0,31.6,0.0,0.0,3.0,100.0,0.2,Overcast
2025-07-19 00:00:00,25.4,93.0,31.5,0.0,0.0,3.0,100.0,0.8,Overcast
2025-07-19 01:00:00,25.4,93.0,31.1,0.0,0.0,3.0,100.0,4.4,Overcast
2025-07-19 02:00:00,25.5,93.0,30.7,0.0,0.0,3.0,100.0,7.6,Overcast
2025-07-19 03:00:00,25.6,93.0,30.8,0.0,0.0,3.0,100.0,7.9,Overcast
2025-07-19 04:00:00,25.5,94.0,30.8,0.0,0.0,3.0,100.0,6.6,Overcast
2025-07-19 05:00:00,25.5,94.0,30.7,0.0,0.0,3.0,100.0,7.9,Overcast
2025-07-19 06:00:00,25.4,94.0,30.1,0.0,0.0,3.0,89.0,11.4,Overcast
2025-07-19 07:00:00,26.3,92.0,31.9,0.0,0.0,1.0,27.0,7.9,Mainly clear
2025-07-19 08:00:00,28.0,85.0,32.9,0.0,0.0,3.0,100.0,13.5,Overcast
2025-07-19 09:00:00,28.7,82.0,33.9,0.0,0.0,3.0,90.0,11.1,Overcast
2025-07-19 10:00:00,29.5,75.0,33.9,0.0,0.0,1.0,42.0,14.3,Mainly clear
2025-07-19 11:00:00,30.7,70.0,36.1,0.0,0.0,2.0,65.0,15.5,Partly cloudy
2025-07-19 12:00:00,30.9,68.0,35.4,0.1,0.1,51.0,100.0,16.8,Drizzle: Light
2025-07-19 13:00:00,31.0,71.0,36.9,3.7,3.7,63.0,100.0,12.8,Rain: Moderate
2025-07-19 14:00:00,27.6,84.0,32.3,7.1,7.1,63.0,100.0,12.2,Rain: Moderate
2025-07-19 15:00:00,27.9,84.0,33.4,0.2,0.2,51.0,100.0,8.3,Drizzle: Light
2025-07-19 16:00:00,26.8,90.0,31.9,4.8,4.8,63.0,100.0,11.0,Rain: Moderate
2025-07-19 17:00:00,26.8,88.0,31.7,0.2,0.2,51.0,100.0,10.9,Drizzle: Light
2025-07-19 18:00:00,27.1,87.0,32.3,0.1,0.1,51.0,100.0,9.2,Drizzle: Light
2025-07-19 19:00:00,26.9,88.0,32.3,0.0,0.0,3.0,100.0,8.2,Overcast
2025-07-19 20:00:00,26.8,84.0,31.2,0.0,0.0,3.0,100.0,10.7,Overcast
2025-07-19 21:00:00,26.4,85.0,30.9,0.0,0.0,3.0,100.0,10.1,Overcast
2025-07-19 22:00:00,26.2,86.0,30.7,0.0,0.0,3.0,100.0,9.1,Overcast
2025-07-19 23:00:00,25.9,87.0,30.4,0.0,0.0,3.0,100.0,9.0,Overcast
2025-07-20 00:00:00,25.7,88.0,30.2,0.0,0.0,3.0,100.0,9.8,Overcast
2025-07-20 01:00:00,25.6,90.0,30.1,0.0,0.0,3.0,100.0,10.2,Overcast
2025-07-20 02:00:00,25.6,91.0,30.4,0.0,0.0,3.0,100.0,8.6,Overcast
2025-07-20 03:00:00,25.6,92.0,30.5,0.0,0.0,3.0,100.0,8.6,Overcast
2025-07-20 04:00:00,25.4,93.0,30.4,0.0,0.0,3.0,100.0,8.2,Overcast
2025-07-20 05:00:00,25.4,93.0,30.5,0.0,0.0,3.0,100.0,7.7,Overcast
2025-07-20 06:00:00,25.5,93.0,30.5,0.0,0.0,3.0,100.0,8.8,Overcast
2025-07-20 07:00:00,26.4,90.0,31.2,0.0,0.0,3.0,100.0,11.3,Overcast
2025-07-20 08:00:00,27.5,84.0,32.5,0.0,0.0,3.0,100.0,10.9,Overcast
2025-07-20 09:00:00,28.5,80.0,32.9,0.0,0.0,3.0,100.0,14.3,Overcast
2025-07-20 10:00:00,28.5,80.0,33.1,0.0,0.0,3.0,100.0,13.1,Overcast
2025-07-20 11:00:00,29.5,76.0,34.6,0.1,0.1,51.0,100.0,14.8,Drizzle: Light
2025-07-20 12:00:00,28.7,79.0,33.5,0.9,0.9,53.0,100.0,16.5,Drizzle: Moderate
2025-07-20 13:00:00,28.9,81.0,34.1,0.4,0.4,51.0,100.0,15.8,Drizzle: Light
2025-07-20 14:00:00,29.6,76.0,34.4,0.2,0.2,51.0,100.0,16.1,Drizzle: Light
2025-07-20 15:00:00,27.8,82.0,31.2,1.5,1.5,61.0,100.0,19.9,Rain: Slight
2025-07-20 16:00:00,28.3,83.0,33.4,0.5,0.5,53.0,100.0,11.3,Drizzle: Moderate
2025-07-20 17:00:00,28.3,81.0,33.1,0.0,0.0,3.0,100.0,12.0,Overcast
2025-07-20 18:00:00,27.9,81.0,32.5,0.1,0.1,51.0,100.0,11.6,Drizzle: Light
2025-07-20 19:00:00,27.3,81.0,31.5,0.0,0.0,3.0,100.0,11.8,Overcast
2025-07-20 20:00:00,26.5,89.0,31.1,0.0,0.0,3.0,100.0,11.6,Overcast
2025-07-20 21:00:00,26.5,87.0,30.8,0.0,0.0,3.0,100.0,12.4,Overcast
2025-07-20 22:00:00,26.2,86.0,30.6,0.0,0.0,3.0,100.0,10.9,Overcast
2025-07-20 23:00:00,25.9,88.0,30.2,0.0,0.0,3.0,100.0,11.2,Overcast
2025-07-21 00:00:00,25.5,88.0,30.1,0.3,0.3,51.0,100.0,7.6,Drizzle: Light
2025-07-21 01:00:00,25.2,90.0,29.3,0.0,0.0,3.0,100.0,10.6,Overcast
2025-07-21 02:00:00,25.1,91.0,29.1,0.1,0.1,51.0,100.0,12.3,Drizzle: Light
2025-07-21 03:00:00,25.0,93.0,29.1,0.3,0.3,51.0,100.0,13.0,Drizzle: Light
2025-07-21 04:00:00,24.9,93.0,28.8,0.4,0.4,51.0,100.0,13.4,Drizzle: Light
2025-07-21 05:00:00,24.9,92.0,28.8,0.2,0.2,51.0,100.0,13.0,Drizzle: Light
2025-07-21 06:00:00,24.8,92.0,28.8,0.0,0.0,3.0,100.0,12.3,Overcast
2025-07-21 07:00:00,25.5,90.0,29.9,0.1,0.1,51.0,100.0,10.9,Drizzle: Light
2025-07-21 08:00:00,26.6,88.0,31.6,0.2,0.2,51.0,100.0,9.7,Drizzle: Light
2025-07-21 09:00:00,27.2,87.0,32.4,0.1,0.1,51.0,100.0,9.7,Drizzle: Light
2025-07-21 10:00:00,28.7,81.0,33.0,0.2,0.2,51.0,95.0,17.4,Drizzle: Light
2025-07-21 11:00:00,30.0,76.0,35.3,0.1,0.1,51.0,100.0,19.6,Drizzle: Light
2025-07-21 12:00:00,30.8,74.0,36.5,0.1,0.1,51.0,100.0,19.7,Drizzle: Light
2025-07-21 13:00:00,29.5,75.0,33.9,0.3,0.3,51.0,100.0,14.0,Drizzle: Light
2025-07-21 14:00:00,28.6,77.0,32.4,1.9,1.9,61.0,100.0,17.4,Rain: Slight
2025-07-21 15:00:00,28.5,81.0,33.1,0.4,0.4,51.0,100.0,14.0,Drizzle: Light
2025-07-21 16:00:00,28.3,81.0,33.1,0.1,0.1,51.0,100.0,12.3,Drizzle: Light
2025-07-21 17:00:00,28.4,83.0,33.8,0.0,0.0,3.0,100.0,10.4,Overcast
2025-07-21 18:00:00,28.1,80.0,32.4,0.0,0.0,3.0,100.0,13.1,Overcast
2025-07-21 19:00:00,27.4,83.0,31.9,0.0,0.0,3.0,100.0,12.0,Overcast
2025-07-21 20:00:00,27.3,82.0,31.5,0.0,0.0,3.0,100.0,13.0,Overcast
2025-07-21 21:00:00,27.0,83.0,31.3,0.0,0.0,3.0,100.0,12.1,Overcast
2025-07-21 22:00:00,26.7,84.0,31.1,0.0,0.0,3.0,100.0,11.1,Overcast
2025-07-21 23:00:00,26.5,86.0,31.1,0.0,0.0,3.0,100.0,9.3,Overcast
2025-07-22 00:00:00,26.2,87.0,30.7,0.1,0.1,51.0,100.0,10.3,Drizzle: Light
2025-07-22 01:00:00,26.0,88.0,30.6,0.1,0.1,51.0,100.0,9.0,Drizzle: Light
2025-07-22 02:00:00,25.7,90.0,30.7,0.0,0.0,3.0,100.0,7.3,Overcast
2025-07-22 03:00:00,25.7,90.0,30.5,0.0,0.0,3.0,100.0,8.2,Overcast
2025-07-22 04:00:00,25.5,90.0,30.4,0.0,0.0,3.0,100.0,7.8,Overcast
2025-07-22 05:00:00,25.3,91.0,29.9,0.0,0.0,3.0,100.0,9.2,Overcast
2025-07-22 06:00:00,25.4,91.0,30.2,0.0,0.0,3.0,100.0,8.7,Overcast
2025-07-22 07:00:00,26.8,86.0,31.2,0.0,0.0,3.0,99.0,13.3,Overcast
2025-07-22 08:00:00,28.2,82.0,32.6,0.0,0.0,3.0,92.0,15.6,Overcast
2025-07-22 09:00:00,29.3,76.0,33.2,0.0,0.0,3.0,100.0,17.9,Overcast
2025-07-22 10:00:00,30.3,70.0,34.1,0.1,0.1,51.0,100.0,20.2,Drizzle: Light
2025-07-22 11:00:00,30.8,67.0,34.8,0.1,0.1,51.0,100.0,20.5,Drizzle: Light
2025-07-22 12:00:00,31.3,66.0,36.0,0.4,0.4,51.0,100.0,20.4,Drizzle: Light
2025-07-22 13:00:00,32.1,61.0,36.6,0.0,0.0,3.0,100.0,20.3,Overcast
2025-07-22 14:00:00,32.0,61.0,36.3,0.6,0.6,53.0,100.0,15.7,Drizzle: Moderate
2025-07-22 15:00:00,30.6,61.0,32.7,0.1,0.1,51.0,100.0,21.3,Drizzle: Light
2025-07-22 16:00:00,30.7,65.0,34.3,0.0,0.0,3.0,100.0,14.6,Overcast
2025-07-22 17:00:00,30.2,69.0,34.3,0.0,0.0,3.0,100.0,13.3,Overcast
2025-07-22 18:00:00,29.1,73.0,33.2,0.0,0.0,3.0,98.0,12.8,Overcast
2025-07-22 19:00:00,28.3,77.0,32.4,0.0,0.0,3.0,99.0,12.5,Overcast
2025-07-22 20:00:00,28.1,78.0,32.2,0.0,0.0,3.0,100.0,13.4,Overcast
2025-07-22 21:00:00,27.7,79.0,31.8,0.0,0.0,3.0,100.0,12.0,Overcast
2025-07-22 22:00:00,27.3,80.0,31.5,0.0,0.0,3.0,100.0,11.0,Overcast
2025-07-22 23:00:00,27.1,81.0,31.4,0.0,0.0,3.0,93.0,10.2,Overcast
2025-07-23 00:00:00,26.5,83.0,31.0,0.0,0.0,3.0,99.0,9.2,Overcast
2025-07-23 01:00:00,26.2,85.0,30.7,0.0,0.0,3.0,97.0,9.0,Overcast
2025-07-23 02:00:00,25.9,87.0,30.6,0.0,0.0,3.0,92.0,8.1,Overcast
2025-07-23 03:00:00,25.8,88.0,30.6,0.0,0.0,3.0,93.0,7.3,Overcast
2025-07-23 04:00:00,25.7,88.0,30.4,0.0,0.0,3.0,94.0,7.6,Overcast
2025-07-23 05:00:00,25.6,89.0,30.2,0.0,0.0,3.0,91.0,8.4,Overcast
2025-07-23 06:00:00,25.5,89.0,30.1,0.0,0.0,3.0,94.0,8.8,Overcast
2025-07-23 07:00:00,26.5,87.0,31.2,0.0,0.0,3.0,100.0,10.7,Overcast
2025-07-23 08:00:00,28.5,81.0,33.5,0.0,0.0,3.0,84.0,11.1,Overcast
2025-07-23 09:00:00,29.2,78.0,34.1,0.1,0.1,51.0,44.0,12.6,Drizzle: Light
2025-07-23 10:00:00,30.3,74.0,35.8,0.1,0.1,51.0,89.0,13.2,Drizzle: Light
2025-07-23 11:00:00,29.5,77.0,36.3,4.1,4.1,63.0,96.0,9.2,Rain: Moderate
2025-07-23 12:00:00,30.8,73.0,36.8,0.1,0.1,51.0,100.0,10.6,Drizzle: Light
2025-07-23 13:00:00,31.0,68.0,35.5,1.4,1.4,61.0,99.0,16.9,Rain: Slight
2025-07-23 14:00:00,29.3,76.0,35.4,3.3,3.3,63.0,99.0,6.9,Rain: Moderate
2025-07-23 15:00:00,29.8,77.0,35.5,1.2,1.2,55.0,99.0,8.4,Drizzle: Dense
2025-07-23 16:00:00,30.6,70.0,35.9,0.0,0.0,3.0,94.0,8.0,Overcast
2025-07-23 17:00:00,27.3,88.0,32.6,4.7,4.7,63.0,100.0,9.7,Rain: Moderate
2025-07-23 18:00:00,27.1,91.0,33.6,0.0,0.0,3.0,99.0,3.6,Overcast
2025-07-23 19:00:00,27.4,90.0,34.0,0.0,0.0,3.0,98.0,3.1,Overcast
2025-07-23 20:00:00,28.1,80.0,33.1,0.0,0.0,3.0,100.0,9.0,Overcast
2025-07-23 21:00:00,28.0,80.0,32.8,0.0,0.0,3.0,100.0,10.1,Overcast
2025-07-23 22:00:00,27.7,80.0,32.4,0.0,0.0,3.0,100.0,9.3,Overcast
2025-07-23 23:00:00,27.4,82.0,32.2,0.0,0.0,3.0,100.0,8.6,Overcast
2025-07-24 00:00:00,27.1,83.0,31.8,0.0,0.0,3.0,100.0,9.6,Overcast
2025-07-24 01:00:00,26.8,85.0,31.5,0.0,0.0,3.0,100.0,9.6,Overcast
2025-07-24 02:00:00,26.5,87.0,31.8,0.0,0.0,3.0,100.0,6.6,Overcast
2025-07-24 03:00:00,25.8,91.0,31.6,0.0,0.0,3.0,100.0,3.4,Overcast
2025-07-24 04:00:00,26.1,90.0,31.9,0.0,0.0,3.0,100.0,3.9,Overcast
2025-07-24 05:00:00,26.0,90.0,31.6,0.0,0.0,3.0,100.0,5.2,Overcast
2025-07-24 06:00:00,26.0,91.0,31.3,0.0,0.0,3.0,100.0,6.4,Overcast
2025-07-24 07:00:00,26.8,89.0,32.7,0.0,0.0,3.0,100.0,5.4,Overcast
2025-07-24 08:00:00,27.9,83.0,33.6,0.0,0.0,3.0,100.0,6.0,Overcast
2025-07-24 09:00:00,29.5,77.0,34.9,0.0,0.0,3.0,99.0,9.6,Overcast
2025-07-24 10:00:00,30.8,69.0,35.7,0.0,0.0,3.0,100.0,12.8,Overcast
2025-07-24 11:00:00,31.2,62.0,34.6,0.0,0.0,3.0,100.0,14.4,Overcast
2025-07-24 12:00:00,32.2,58.0,37.1,0.0,0.0,3.0,100.0,13.8,Overcast
2025-07-24 13:00:00,32.5,58.0,37.1,0.0,0.0,3.0,98.0,15.2,Overcast
2025-07-24 14:00:00,32.9,55.0,37.3,0.0,0.0,3.0,99.0,15.9,Overcast
2025-07-24 15:00:00,32.2,58.0,35.6,0.0,0.0,3.0,100.0,13.9,Overcast
2025-07-24 16:00:00,32.0,60.0,36.1,0.0,0.0,3.0,99.0,11.3,Overcast
2025-07-24 17:00:00,31.4,64.0,36.0,0.2,0.2,51.0,100.0,8.7,Drizzle: Light
2025-07-24 18:00:00,30.1,72.0,35.6,0.0,0.0,3.0,100.0,5.8,Overcast
2025-07-24 19:00:00,29.2,79.0,35.6,0.0,0.0,3.0,100.0,3.4,Overcast
2025-07-24 20:00:00,28.4,76.0,33.2,0.0,0.0,2.0,75.0,7.3,Partly cloudy
2025-07-24 21:00:00,27.8,80.0,32.6,0.0,0.0,3.0,85.0,9.2,Overcast
2025-07-24 22:00:00,27.2,86.0,33.2,0.0,0.0,3.0,82.0,3.1,Overcast
2025-07-24 23:00:00,26.6,89.0,32.7,0.0,0.0,3.0,98.0,3.0,Overcast
2025-07-25 00:00:00,26.5,87.0,32.1,0.0,0.0,2.0,59.0,4.7,Partly cloudy
2025-07-25 01:00:00,26.2,87.0,31.2,0.0,0.0,3.0,100.0,7.6,Overcast
2025-07-25 02:00:00,25.9,88.0,30.8,0.0,0.0,3.0,98.0,7.2,Overcast
2025-07-25 03:00:00,25.5,89.0,30.4,0.0,0.0,3.0,99.0,6.7,Overcast
2025-07-25 04:00:00,25.3,90.0,30.2,0.0,0.0,2.0,66.0,6.3,Partly cloudy
2025-07-25 05:00:00,25.0,90.0,29.7,0.0,0.0,3.0,87.0,6.6,Overcast
2025-07-25 06:00:00,25.0,90.0,29.7,0.0,0.0,2.0,78.0,6.5,Partly cloudy
2025-07-25 07:00:00,25.9,88.0,30.9,0.0,0.0,0.0,17.0,6.3,Clear sky
2025-07-25 08:00:00,28.1,80.0,33.4,0.0,0.0,3.0,100.0,6.2,Overcast
2025-07-25 09:00:00,29.9,74.0,35.2,0.0,0.0,3.0,83.0,8.3,Overcast
2025-07-25 10:00:00,31.5,63.0,36.2,0.0,0.0,2.0,65.0,15.4,Partly cloudy
2025-07-25 11:00:00,32.5,56.0,36.6,0.0,0.0,3.0,91.0,18.0,Overcast
2025-07-25 12:00:00,32.8,54.0,36.7,0.0,0.0,3.0,97.0,18.2,Overcast
2025-07-25 13:00:00,33.2,53.0,37.4,0.0,0.0,3.0,100.0,17.3,Overcast
2025-07-25 14:00:00,33.0,54.0,36.7,0.0,0.0,3.0,100.0,16.7,Overcast
2025-07-25 15:00:00,32.7,55.0,35.6,0.0,0.0,3.0,100.0,15.0,Overcast
2025-07-25 16:00:00,32.1,60.0,36.2,0.0,0.0,3.0,100.0,10.9,Overcast
2025-07-25 17:00:00,31.2,66.0,35.8,0.0,0.0,3.0,100.0,9.9,Overcast
2025-07-25 18:00:00,29.9,68.0,34.2,0.0,0.0,3.0,100.0,9.7,Overcast
2025-07-25 19:00:00,28.5,76.0,33.6,0.0,0.0,3.0,100.0,6.4,Overcast
2025-07-25 20:00:00,28.0,82.0,33.2,0.0,0.0,3.0,100.0,8.6,Overcast
2025-07-25 21:00:00,27.7,83.0,33.0,0.0,0.0,3.0,100.0,7.8,Overcast
2025-07-25 22:00:00,26.5,88.0,31.1,2.8,2.8,63.0,100.0,11.6,Rain: Moderate
2025-07-25 23:00:00,25.2,98.0,31.4,2.9,2.9,63.0,100.0,2.8,Rain: Moderate
2025-07-26 00:00:00,25.4,96.0,31.8,0.2,0.2,51.0,100.0,1.0,Drizzle: Light
2025-07-26 01:00:00,25.6,94.0,31.4,0.0,0.0,3.0,100.0,4.1,Overcast
2025-07-26 02:00:00,25.8,93.0,31.3,0.0,0.0,3.0,100.0,6.3,Overcast
2025-07-26 03:00:00,25.8,93.0,31.3,0.0,0.0,3.0,100.0,6.3,Overcast
2025-07-26 04:00:00,25.7,93.0,31.2,0.0,0.0,3.0,100.0,5.4,Overcast
2025-07-26 05:00:00,25.6,93.0,31.3,0.0,0.0,3.0,100.0,4.5,Overcast
2025-07-26 06:00:00,25.7,92.0,31.2,0.0,0.0,3.0,100.0,5.1,Overcast
2025-07-26 07:00:00,26.3,91.0,31.9,0.0,0.0,3.0,100.0,6.2,Overcast
2025-07-26 08:00:00,27.9,85.0,34.0,0.0,0.0,3.0,100.0,5.0,Overcast
2025-07-26 09:00:00,28.8,82.0,34.9,0.0,0.0,3.0,100.0,5.5,Overcast
2025-07-26 10:00:00,29.7,78.0,35.8,0.0,0.0,3.0,100.0,6.6,Overcast
2025-07-26 11:00:00,30.7,74.0,36.5,0.0,0.0,3.0,100.0,9.1,Overcast
2025-07-26 12:00:00,31.3,67.0,35.9,0.1,0.1,51.0,100.0,13.9,Drizzle: Light
2025-07-26 13:00:00,32.2,60.0,36.1,0.0,0.0,3.0,100.0,12.3,Overcast
2025-07-26 14:00:00,32.6,57.0,36.2,0.0,0.0,3.0,100.0,15.9,Overcast
2025-07-26 15:00:00,30.7,68.0,35.1,0.3,0.3,51.0,100.0,12.6,Drizzle: Light
2025-07-26 16:00:00,29.5,73.0,33.8,0.1,0.1,51.0,100.0,12.9,Drizzle: Light
2025-07-26 17:00:00,29.1,77.0,34.2,0.0,0.0,3.0,100.0,9.4,Overcast
2025-07-26 18:00:00,28.6,82.0,34.3,0.0,0.0,3.0,100.0,8.4,Overcast
2025-07-26 19:00:00,28.3,85.0,34.0,0.0,0.0,3.0,100.0,9.4,Overcast
2025-07-26 20:00:00,28.2,83.0,33.4,0.0,0.0,3.0,100.0,10.8,Overcast
2025-07-26 21:00:00,27.7,85.0,32.6,0.0,0.0,3.0,98.0,12.6,Overcast
2025-07-26 22:00:00,27.4,85.0,32.1,0.0,0.0,3.0,100.0,12.2,Overcast
2025-07-26 23:00:00,27.2,85.0,31.9,0.0,0.0,3.0,100.0,11.6,Overcast
2025-07-27 00:00:00,27.0,85.0,31.6,0.0,0.0,3.0,98.0,11.7,Overcast
2025-07-27 01:00:00,26.9,85.0,31.3,0.0,0.0,3.0,95.0,12.7,Overcast
2025-07-27 02:00:00,26.8,86.0,31.2,0.0,0.0,3.0,100.0,12.4,Overcast
2025-07-27 03:00:00,26.5,87.0,31.1,0.0,0.0,3.0,100.0,10.9,Overcast
2025-07-27 04:00:00,26.4,88.0,31.1,0.0,0.0,3.0,82.0,10.5,Overcast
2025-07-27 05:00:00,26.1,89.0,30.9,0.0,0.0,3.0,99.0,9.5,Overcast
2025-07-27 06:00:00,26.0,90.0,30.9,0.0,0.0,3.0,100.0,9.4,Overcast
2025-07-27 07:00:00,26.8,88.0,32.2,0.0,0.0,3.0,100.0,7.9,Overcast
2025-07-27 08:00:00,28.0,84.0,33.8,0.0,0.0,3.0,100.0,7.1,Overcast
2025-07-27 09:00:00,28.6,79.0,33.4,0.1,0.1,51.0,100.0,11.4,Drizzle: Light
2025-07-27 10:00:00,29.3,75.0,33.6,0.1,0.1,51.0,100.0,13.7,Drizzle: Light
2025-07-27 11:00:00,30.7,70.0,35.6,0.1,0.1,51.0,100.0,14.8,Drizzle: Light
2025-07-27 12:00:00,28.6,79.0,34.9,4.7,4.7,63.0,100.0,12.8,Rain: Moderate
2025-07-27 13:00:00,29.2,77.0,33.7,0.4,0.4,51.0,100.0,13.3,Drizzle: Light
2025-07-27 14:00:00,28.8,76.0,33.2,1.0,1.0,55.0,100.0,11.8,Drizzle: Dense
2025-07-27 15:00:00,27.3,83.0,32.5,3.7,3.7,63.0,100.0,7.2,Rain: Moderate
2025-07-27 16:00:00,26.7,88.0,31.9,0.4,0.4,51.0,100.0,8.1,Drizzle: Light
2025-07-27 17:00:00,26.3,90.0,30.8,1.7,1.7,61.0,100.0,12.5,Rain: Slight
2025-07-27 18:00:00,26.0,90.0,30.8,0.2,0.2,51.0,100.0,10.5,Drizzle: Light
2025-07-27 19:00:00,25.9,93.0,31.1,0.1,0.1,51.0,100.0,9.2,Drizzle: Light
2025-07-27 20:00:00,25.8,92.0,30.6,0.0,0.0,3.0,99.0,9.9,Overcast
2025-07-27 21:00:00,25.8,92.0,30.6,0.0,0.0,3.0,100.0,9.8,Overcast
2025-07-27 22:00:00,25.6,93.0,30.7,0.0,0.0,3.0,97.0,8.4,Overcast
2025-07-27 23:00:00,25.4,93.0,30.6,0.0,0.0,3.0,87.0,7.1,Overcast
2025-07-28 00:00:00,25.3,93.0,30.3,0.0,0.0,3.0,84.0,8.0,Overcast
2025-07-28 01:00:00,25.1,93.0,30.1,0.0,0.0,2.0,72.0,7.6,Partly cloudy
2025-07-28 02:00:00,25.0,94.0,30.1,0.0,0.0,1.0,29.0,6.5,Mainly clear
2025-07-28 03:00:00,24.9,94.0,30.2,0.0,0.0,2.0,74.0,5.6,Partly cloudy
2025-07-28 04:00:00,24.9,94.0,30.1,0.0,0.0,3.0,88.0,6.1,Overcast
2025-07-28 05:00:00,24.9,94.0,30.1,0.0,0.0,3.0,90.0,6.1,Overcast
2025-07-28 06:00:00,25.0,94.0,30.1,0.0,0.0,3.0,98.0,7.0,Overcast
2025-07-28 07:00:00,26.3,89.0,31.0,0.0,0.0,3.0,91.0,10.6,Overcast
2025-07-28 08:00:00,27.9,79.0,31.9,0.9,0.9,53.0,93.0,14.2,Drizzle: Moderate
2025-07-28 09:00:00,28.2,81.0,32.5,0.0,0.0,3.0,100.0,15.6,Overcast
2025-07-28 10:00:00,28.9,76.0,32.8,0.1,0.1,51.0,99.0,15.8,Drizzle: Light
2025-07-28 11:00:00,29.2,74.0,32.5,0.1,0.1,51.0,100.0,19.2,Drizzle: Light
2025-07-28 12:00:00,29.1,77.0,33.6,0.2,0.2,51.0,99.0,18.4,Drizzle: Light
2025-07-28 13:00:00,29.5,77.0,34.5,0.1,0.1,51.0,94.0,16.0,Drizzle: Light
2025-07-28 14:00:00,28.1,83.0,33.1,0.9,0.9,53.0,96.0,15.5,Drizzle: Moderate
2025-07-28 15:00:00,28.6,80.0,33.0,0.1,0.1,51.0,98.0,14.9,Drizzle: Light
2025-07-28 16:00:00,27.9,81.0,32.1,0.6,0.6,53.0,100.0,14.7,Drizzle: Moderate
2025-07-28 17:00:00,27.7,85.0,32.5,0.8,0.8,53.0,89.0,12.6,Drizzle: Moderate
2025-07-28 18:00:00,27.2,88.0,32.4,0.0,0.0,2.0,75.0,10.7,Partly cloudy
2025-07-28 19:00:00,26.8,89.0,32.1,0.0,0.0,1.0,40.0,9.4,Mainly clear
2025-07-28 20:00:00,26.7,91.0,32.0,0.0,0.0,3.0,100.0,10.7,Overcast
2025-07-28 21:00:00,26.6,91.0,31.9,0.1,0.1,51.0,100.0,10.1,Drizzle: Light
2025-07-28 22:00:00,26.5,91.0,32.0,0.2,0.2,51.0,100.0,8.0,Drizzle: Light
2025-07-28 23:00:00,26.3,92.0,31.6,0.2,0.2,51.0,100.0,9.0,Drizzle: Light
2025-07-29 00:00:00,26.2,93.0,31.5,0.0,0.0,3.0,100.0,9.1,Overcast
2025-07-29 01:00:00,26.1,93.0,31.4,0.0,0.0,2.0,70.0,8.9,Partly cloudy
2025-07-29 02:00:00,25.9,93.0,31.3,0.0,0.0,1.0,36.0,8.4,Mainly clear
2025-07-29 03:00:00,25.8,93.0,31.1,0.0,0.0,2.0,56.0,8.9,Partly cloudy
2025-07-29 04:00:00,25.8,93.0,31.1,0.0,0.0,2.0,79.0,8.2,Partly cloudy
2025-07-29 05:00:00,25.8,93.0,31.0,0.0,0.0,1.0,41.0,8.4,Mainly clear
2025-07-29 06:00:00,25.8,93.0,31.0,0.0,0.0,1.0,29.0,8.7,Mainly clear
2025-07-29 07:00:00,26.6,92.0,32.5,0.0,0.0,0.0,6.0,6.8,Clear sky
2025-07-29 08:00:00,28.6,86.0,34.9,0.0,0.0,0.0,13.0,8.0,Clear sky
2025-07-29 09:00:00,29.9,80.0,35.4,0.2,0.2,51.0,25.0,13.4,Drizzle: Light
2025-07-29 10:00:00,28.0,83.0,33.7,5.0,5.0,63.0,95.0,11.3,Rain: Moderate
2025-07-29 11:00:00,28.6,82.0,34.3,0.0,0.0,2.0,66.0,7.8,Partly cloudy
2025-07-29 12:00:00,28.9,79.0,33.4,4.8,4.8,63.0,89.0,20.6,Rain: Moderate
2025-07-29 13:00:00,30.1,74.0,35.4,0.2,0.2,51.0,100.0,14.0,Drizzle: Light
2025-07-29 14:00:00,30.2,72.0,34.2,0.1,0.1,51.0,93.0,16.6,Drizzle: Light
2025-07-29 15:00:00,30.4,72.0,35.2,0.8,0.8,53.0,92.0,12.1,Drizzle: Moderate
2025-07-29 16:00:00,29.5,75.0,34.2,0.1,0.1,51.0,82.0,12.0,Drizzle: Light
2025-07-29 17:00:00,29.1,78.0,33.9,0.2,0.2,51.0,96.0,12.7,Drizzle: Light
2025-07-29 18:00:00,28.7,79.0,33.6,0.1,0.1,51.0,87.0,11.3,Drizzle: Light
2025-07-29 19:00:00,28.0,82.0,32.8,0.0,0.0,3.0,87.0,11.3,Overcast
2025-07-29 20:00:00,28.0,79.0,32.4,0.0,0.0,3.0,98.0,12.1,Overcast
2025-07-29 21:00:00,27.9,80.0,32.5,0.0,0.0,3.0,97.0,11.6,Overcast
2025-07-29 22:00:00,27.5,82.0,32.2,0.0,0.0,3.0,95.0,10.6,Overcast
2025-07-29 23:00:00,27.3,83.0,32.1,0.0,0.0,3.0,98.0,10.1,Overcast
2025-07-30 00:00:00,27.1,85.0,31.9,0.0,0.0,3.0,99.0,10.1,Overcast
2025-07-30 01:00:00,26.8,86.0,31.6,0.0,0.0,3.0,100.0,9.8,Overcast
2025-07-30 02:00:00,26.5,87.0,31.5,0.0,0.0,3.0,100.0,8.9,Overcast
2025-07-30 03:00:00,26.3,89.0,31.3,0.1,0.1,51.0,100.0,9.2,Drizzle: Light
2025-07-30 04:00:00,26.1,90.0,31.2,0.0,0.0,3.0,100.0,8.9,Overcast
2025-07-30 05:00:00,26.1,91.0,31.0,0.0,0.0,3.0,100.0,10.8,Overcast
2025-07-30 06:00:00,26.1,92.0,31.3,0.0,0.0,3.0,100.0,8.9,Overcast
2025-07-30 07:00:00,27.1,89.0,32.2,0.0,0.0,3.0,100.0,11.5,Overcast
2025-07-30 08:00:00,27.8,86.0,33.2,0.0,0.0,3.0,100.0,10.6,Overcast
2025-07-30 09:00:00,29.0,83.0,34.6,0.0,0.0,3.0,99.0,11.3,Overcast
2025-07-30 10:00:00,30.1,78.0,35.5,0.0,0.0,3.0,100.0,14.9,Overcast
2025-07-30 11:00:00,31.2,71.0,37.0,0.0,0.0,3.0,100.0,16.4,Overcast
2025-07-30 12:00:00,32.0,64.0,37.7,0.0,0.0,3.0,98.0,16.4,Overcast
2025-07-30 13:00:00,31.8,66.0,37.5,0.0,0.0,3.0,98.0,15.1,Overcast
2025-07-30 14:00:00,31.6,67.0,36.8,0.1,0.1,51.0,98.0,16.0,Drizzle: Light
2025-07-30 15:00:00,31.7,67.0,36.1,0.0,0.0,3.0,98.0,16.3,Overcast
2025-07-30 16:00:00,31.0,66.0,34.5,0.0,0.0,3.0,99.0,17.2,Overcast
2025-07-30 17:00:00,29.9,73.0,34.6,0.0,0.0,3.0,98.0,12.0,Overcast
2025-07-30 18:00:00,29.2,78.0,34.3,0.0,0.0,2.0,67.0,11.0,Partly cloudy
2025-07-30 19:00:00,28.5,78.0,33.3,0.0,0.0,3.0,87.0,10.7,Overcast
2025-07-30 20:00:00,28.0,81.0,32.9,0.0,0.0,1.0,49.0,10.1,Mainly clear
2025-07-30 21:00:00,27.9,80.0,32.5,0.0,0.0,2.0,54.0,11.1,Partly cloudy
2025-07-30 22:00:00,27.5,80.0,32.0,0.0,0.0,3.0,100.0,10.4,Overcast
2025-07-30 23:00:00,27.2,81.0,31.5,0.0,0.0,3.0,100.0,11.2,Overcast
2025-07-31 00:00:00,26.9,82.0,31.2,0.0,0.0,3.0,100.0,10.7,Overcast
2025-07-31 01:00:00,26.6,83.0,31.0,0.0,0.0,3.0,100.0,10.2,Overcast
2025-07-31 02:00:00,26.4,85.0,30.9,0.0,0.0,3.0,100.0,9.3,Overcast
2025-07-31 03:00:00,26.2,87.0,31.0,0.0,0.0,3.0,95.0,8.7,Overcast
2025-07-31 04:00:00,26.1,89.0,31.0,0.0,0.0,1.0,26.0,8.3,Mainly clear
2025-07-31 05:00:00,25.9,91.0,31.1,0.0,0.0,3.0,86.0,7.4,Overcast
2025-07-31 06:00:00,25.8,92.0,31.1,0.0,0.0,0.0,18.0,7.5,Clear sky
2025-07-31 07:00:00,26.9,90.0,32.6,0.0,0.0,1.0,23.0,6.9,Mainly clear
2025-07-31 08:00:00,28.7,84.0,34.6,0.0,0.0,3.0,90.0,9.7,Overcast
2025-07-31 09:00:00,29.8,79.0,35.2,0.1,0.1,51.0,50.0,12.2,Drizzle: Light
2025-07-31 10:00:00,30.7,73.0,36.5,0.1,0.1,51.0,77.0,12.6,Drizzle: Light
2025-07-31 11:00:00,31.4,70.0,37.7,0.1,0.1,51.0,84.0,13.6,Drizzle: Light
2025-07-31 12:00:00,31.8,67.0,38.2,0.1,0.1,51.0,95.0,13.0,Drizzle: Light
2025-07-31 13:00:00,29.2,78.0,35.2,9.0,9.0,65.0,98.0,13.6,Rain: Heavy
2025-07-31 14:00:00,29.6,76.0,34.5,0.4,0.4,51.0,100.0,12.2,Drizzle: Light
2025-07-31 15:00:00,29.7,78.0,35.5,0.3,0.3,51.0,100.0,7.9,Drizzle: Light
2025-07-31 16:00:00,27.2,88.0,32.8,2.7,2.7,63.0,100.0,7.2,Rain: Moderate
2025-07-31 17:00:00,27.8,86.0,33.0,0.1,0.1,51.0,100.0,11.1,Drizzle: Light
2025-07-31 18:00:00,27.6,87.0,33.4,0.0,0.0,3.0,99.0,6.6,Overcast
2025-07-31 19:00:00,27.0,89.0,32.7,0.0,0.0,3.0,94.0,7.4,Overcast
2025-07-31 20:00:00,27.9,86.0,33.6,0.0,0.0,2.0,73.0,8.9,Partly cloudy
2025-07-31 21:00:00,27.5,88.0,33.2,0.0,0.0,3.0,86.0,8.7,Overcast
2025-07-31 22:00:00,27.3,88.0,32.6,0.0,0.0,3.0,94.0,9.6,Overcast
2025-07-31 23:00:00,27.0,88.0,32.2,0.0,0.0,3.0,93.0,9.8,Overcast
2025-08-01 00:00:00,26.7,88.0,32.0,0.0,0.0,2.0,79.0,8.4,Partly cloudy
2025-08-01 01:00:00,26.4,90.0,31.8,0.0,0.0,2.0,61.0,7.8,Partly cloudy
2025-08-01 02:00:00,26.1,91.0,31.5,0.0,0.0,2.0,63.0,7.2,Partly cloudy
2025-08-01 03:00:00,25.9,91.0,31.3,0.0,0.0,3.0,83.0,6.7,Overcast
2025-08-01 04:00:00,25.8,92.0,31.1,0.0,0.0,2.0,77.0,7.0,Partly cloudy
2025-08-01 05:00:00,25.7,93.0,31.1,0.0,0.0,2.0,67.0,6.6,Partly cloudy
2025-08-01 06:00:00,25.6,94.0,31.0,0.0,0.0,2.0,62.0,7.4,Partly cloudy
2025-08-01 07:00:00,26.7,91.0,32.6,0.0,0.0,1.0,39.0,6.3,Mainly clear
2025-08-01 08:00:00,28.6,85.0,34.9,0.0,0.0,3.0,90.0,7.0,Overcast
2025-08-01 09:00:00,30.1,78.0,36.1,0.0,0.0,3.0,96.0,9.7,Overcast
2025-08-01 10:00:00,31.1,74.0,37.4,0.0,0.0,3.0,100.0,13.1,Overcast
2025-08-01 11:00:00,31.6,71.0,38.4,0.0,0.0,3.0,100.0,13.1,Overcast
2025-08-01 12:00:00,31.8,68.0,37.9,0.0,0.0,3.0,100.0,11.9,Overcast
2025-08-01 13:00:00,30.3,72.0,35.4,0.6,0.6,53.0,99.0,14.2,Drizzle: Moderate
2025-08-01 14:00:00,31.0,71.0,36.6,0.1,0.1,51.0,100.0,10.5,Drizzle: Light
2025-08-01 15:00:00,30.8,71.0,35.4,0.5,0.5,53.0,100.0,14.8,Drizzle: Moderate
2025-08-01 16:00:00,30.2,75.0,35.4,0.0,0.0,3.0,100.0,12.0,Overcast
2025-08-01 17:00:00,30.0,76.0,35.1,0.0,0.0,3.0,97.0,12.2,Overcast
2025-08-01 18:00:00,28.8,81.0,34.6,0.3,0.3,51.0,98.0,7.3,Drizzle: Light
2025-08-01 19:00:00,28.4,84.0,34.2,0.0,0.0,3.0,84.0,7.7,Overcast
2025-08-01 20:00:00,28.1,85.0,33.9,0.0,0.0,2.0,71.0,7.3,Partly cloudy
2025-08-01 21:00:00,27.9,87.0,33.9,0.0,0.0,3.0,81.0,7.2,Overcast
2025-08-01 22:00:00,27.6,89.0,33.7,0.0,0.0,3.0,89.0,7.7,Overcast
2025-08-01 23:00:00,27.5,89.0,33.2,0.0,0.0,3.0,85.0,8.7,Overcast
2025-08-02 00:00:00,27.1,90.0,32.8,0.0,0.0,3.0,83.0,8.2,Overcast
2025-08-02 01:00:00,26.8,91.0,32.5,0.0,0.0,3.0,100.0,7.6,Overcast
2025-08-02 02:00:00,26.6,90.0,32.0,0.0,0.0,3.0,99.0,8.3,Overcast
2025-08-02 03:00:00,26.4,91.0,31.9,0.0,0.0,3.0,99.0,6.9,Overcast
2025-08-02 04:00:00,26.2,91.0,31.7,0.0,0.0,3.0,100.0,6.4,Overcast
2025-08-02 05:00:00,25.9,92.0,31.6,0.0,0.0,3.0,100.0,5.5,Overcast
2025-08-02 06:00:00,25.8,93.0,31.5,0.0,0.0,3.0,97.0,5.3,Overcast
2025-08-02 07:00:00,26.8,91.0,33.0,0.0,0.0,3.0,99.0,3.8,Overcast
2025-08-02 08:00:00,28.7,84.0,35.1,0.0,0.0,3.0,97.0,6.0,Overcast
2025-08-02 09:00:00,30.3,76.0,35.9,0.0,0.0,3.0,99.0,10.0,Overcast
2025-08-02 10:00:00,31.2,68.0,36.8,0.1,0.1,51.0,97.0,11.8,Drizzle: Light
2025-08-02 11:00:00,31.7,66.0,37.7,0.1,0.1,51.0,99.0,11.8,Drizzle: Light
2025-08-02 12:00:00,32.2,65.0,38.7,0.0,0.0,3.0,100.0,11.0,Overcast
2025-08-02 13:00:00,31.9,66.0,38.3,0.0,0.0,3.0,99.0,11.9,Overcast
2025-08-02 14:00:00,30.2,74.0,37.7,2.2,2.2,61.0,100.0,7.6,Rain: Slight
2025-08-02 15:00:00,30.8,70.0,36.1,0.0,0.0,3.0,97.0,8.1,Overcast
2025-08-02 16:00:00,30.9,68.0,35.8,0.0,0.0,3.0,96.0,9.0,Overcast
2025-08-02 17:00:00,30.6,70.0,35.9,0.0,0.0,3.0,94.0,7.7,Overcast
2025-08-02 18:00:00,29.8,76.0,35.9,0.0,0.0,3.0,93.0,5.4,Overcast
2025-08-02 19:00:00,28.9,81.0,35.0,0.0,0.0,3.0,94.0,6.3,Overcast
2025-08-02 20:00:00,27.4,86.0,33.4,0.0,0.0,3.0,100.0,4.8,Overcast
2025-08-02 21:00:00,27.2,88.0,33.4,0.0,0.0,3.0,100.0,3.7,Overcast
2025-08-02 22:00:00,27.1,89.0,33.6,0.0,0.0,3.0,100.0,2.9,Overcast
2025-08-02 23:00:00,27.1,89.0,33.5,0.0,0.0,3.0,100.0,3.2,Overcast
2025-08-03 00:00:00,26.8,90.0,33.3,0.0,0.0,3.0,85.0,2.4,Overcast
2025-08-03 01:00:00,26.8,90.0,33.1,0.0,0.0,3.0,100.0,3.8,Overcast
2025-08-03 02:00:00,26.6,91.0,32.5,0.0,0.0,3.0,100.0,5.7,Overcast
2025-08-03 03:00:00,26.3,93.0,32.4,0.0,0.0,3.0,100.0,5.2,Overcast
2025-08-03 04:00:00,26.2,94.0,32.4,0.0,0.0,3.0,100.0,4.7,Overcast
2025-08-03 05:00:00,26.1,95.0,32.3,0.0,0.0,3.0,98.0,4.6,Overcast
2025-08-03 06:00:00,25.9,96.0,32.4,0.0,0.0,3.0,95.0,2.4,Overcast
2025-08-03 07:00:00,27.0,93.0,34.2,0.0,0.0,3.0,100.0,1.1,Overcast
2025-08-03 08:00:00,29.1,86.0,35.9,0.1,0.1,51.0,34.0,5.9,Drizzle: Light
2025-08-03 09:00:00,30.3,79.0,36.9,0.0,0.0,3.0,96.0,6.2,Overcast
2025-08-03 10:00:00,31.6,70.0,38.5,0.0,0.0,3.0,100.0,7.6,Overcast
2025-08-03 11:00:00,32.4,65.0,39.5,0.0,0.0,3.0,100.0,9.7,Overcast
2025-08-03 12:00:00,33.0,62.0,40.0,0.1,0.1,51.0,100.0,10.6,Drizzle: Light
2025-08-03 13:00:00,32.8,62.0,39.4,0.1,0.1,51.0,100.0,11.6,Drizzle: Light
2025-08-03 14:00:00,33.1,59.0,39.1,0.0,0.0,3.0,100.0,11.1,Overcast
2025-08-03 15:00:00,32.1,62.0,37.6,0.3,0.3,51.0,80.0,8.9,Drizzle: Light
2025-08-03 16:00:00,27.0,83.0,30.9,1.2,1.2,55.0,100.0,15.1,Drizzle: Dense
2025-08-03 17:00:00,27.3,84.0,32.7,0.2,0.2,51.0,100.0,6.2,Drizzle: Light
2025-08-03 18:00:00,27.4,84.0,32.9,0.0,0.0,0.0,15.0,6.3,Clear sky
2025-08-03 19:00:00,27.1,86.0,33.2,0.0,0.0,0.0,10.0,3.0,Clear sky
2025-08-03 20:00:00,27.4,87.0,33.5,0.0,0.0,0.0,12.0,4.3,Clear sky
2025-08-03 21:00:00,27.2,89.0,34.0,0.0,0.0,3.0,88.0,1.1,Overcast
2025-08-03 22:00:00,27.1,89.0,33.8,0.0,0.0,3.0,86.0,0.9,Overcast
2025-08-03 23:00:00,26.9,90.0,33.5,0.0,0.0,3.0,92.0,1.3,Overcast
2025-08-04 00:00:00,26.8,90.0,33.5,0.0,0.0,3.0,86.0,0.5,Overcast
2025-08-04 01:00:00,26.4,92.0,32.9,0.0,0.0,3.0,96.0,1.6,Overcast
2025-08-04 02:00:00,26.1,94.0,32.5,0.0,0.0,3.0,96.0,2.2,Overcast
2025-08-04 03:00:00,25.8,95.0,32.2,0.0,0.0,3.0,95.0,1.8,Overcast
2025-08-04 04:00:00,25.7,95.0,32.0,0.0,0.0,3.0,99.0,2.4,Overcast
2025-08-04 05:00:00,25.4,96.0,31.7,0.0,0.0,3.0,99.0,2.1,Overcast
2025-08-04 06:00:00,25.4,96.0,31.8,0.0,0.0,3.0,99.0,1.8,Overcast
2025-08-04 07:00:00,26.6,91.0,33.2,0.0,0.0,3.0,100.0,1.3,Overcast
2025-08-04 08:00:00,28.4,86.0,35.3,0.0,0.0,3.0,100.0,2.9,Overcast
2025-08-04 09:00:00,29.9,80.0,36.7,0.0,0.0,3.0,100.0,4.4,Overcast
2025-08-04 10:00:00,31.1,74.0,38.5,0.0,0.0,3.0,98.0,6.1,Overcast
2025-08-04 11:00:00,32.0,70.0,40.2,0.1,0.1,51.0,64.0,6.6,Drizzle: Light
2025-08-04 12:00:00,32.6,66.0,41.1,0.0,0.0,0.0,5.0,5.6,Clear sky
2025-08-04 13:00:00,33.1,64.0,41.8,0.0,0.0,0.0,9.0,4.3,Clear sky
2025-08-04 14:00:00,33.2,64.0,41.5,0.0,0.0,0.0,12.0,4.3,Clear sky
2025-08-04 15:00:00,32.9,64.0,39.6,0.0,0.0,1.0,39.0,7.1,Mainly clear
2025-08-04 16:00:00,26.6,87.0,30.3,11.7,11.7,65.0,98.0,17.2,Rain: Heavy
2025-08-04 17:00:00,26.7,88.0,32.4,0.6,0.6,53.0,78.0,4.4,Drizzle: Moderate
2025-08-04 18:00:00,26.8,88.0,32.6,0.0,0.0,1.0,22.0,4.6,Mainly clear
2025-08-04 19:00:00,26.6,89.0,32.4,0.0,0.0,0.0,7.0,4.6,Clear sky
2025-08-04 20:00:00,27.1,93.0,33.7,0.0,0.0,2.0,71.0,4.7,Partly cloudy
2025-08-04 21:00:00,27.2,95.0,33.9,0.0,0.0,1.0,46.0,6.0,Mainly clear
2025-08-04 22:00:00,27.4,95.0,34.6,0.0,0.0,1.0,20.0,3.7,Mainly clear
2025-08-04 23:00:00,27.2,97.0,34.6,0.0,0.0,0.0,19.0,2.6,Clear sky
2025-08-05 00:00:00,26.0,93.0,31.5,2.0,2.0,61.0,100.0,8.0,Rain: Slight
2025-08-05 01:00:00,26.0,94.0,31.8,0.3,0.3,51.0,61.0,6.0,Drizzle: Light
2025-08-05 02:00:00,25.7,96.0,31.6,0.0,0.0,3.0,99.0,6.4,Overcast
2025-08-05 03:00:00,25.8,97.0,32.1,0.0,0.0,3.0,93.0,4.4,Overcast
2025-08-05 04:00:00,25.9,97.0,32.4,0.0,0.0,2.0,79.0,3.6,Partly cloudy
2025-08-05 05:00:00,25.8,97.0,32.3,0.0,0.0,3.0,80.0,3.3,Overcast
2025-08-05 06:00:00,25.8,97.0,32.1,0.0,0.0,2.0,79.0,4.8,Partly cloudy
2025-08-05 07:00:00,26.6,91.0,32.4,0.0,0.0,1.0,49.0,7.0,Mainly clear
2025-08-05 08:00:00,28.4,85.0,34.7,0.0,0.0,3.0,93.0,6.3,Overcast
2025-08-05 09:00:00,29.9,74.0,34.9,0.0,0.0,3.0,96.0,10.4,Overcast
2025-08-05 10:00:00,30.8,66.0,35.7,0.0,0.0,3.0,98.0,11.3,Overcast
2025-08-05 11:00:00,31.8,61.0,37.6,0.0,0.0,2.0,63.0,10.9,Partly cloudy
2025-08-05 12:00:00,32.4,60.0,39.2,0.0,0.0,3.0,99.0,8.5,Overcast
2025-08-05 13:00:00,32.8,59.0,39.6,0.0,0.0,2.0,77.0,8.7,Partly cloudy
2025-08-05 14:00:00,33.0,58.0,39.5,0.0,0.0,3.0,91.0,8.7,Overcast
2025-08-05 15:00:00,32.9,58.0,37.9,0.0,0.0,1.0,46.0,9.2,Mainly clear
2025-08-05 16:00:00,30.2,71.0,34.7,0.4,0.4,51.0,93.0,12.9,Drizzle: Light
2025-08-05 17:00:00,25.8,86.0,29.1,2.6,2.6,63.0,100.0,16.2,Rain: Moderate
2025-08-05 18:00:00,25.7,90.0,30.7,0.7,0.7,53.0,91.0,7.1,Drizzle: Moderate
2025-08-05 19:00:00,25.7,92.0,31.7,0.0,0.0,2.0,70.0,2.3,Partly cloudy
2025-08-05 20:00:00,27.4,86.0,33.3,0.0,0.0,2.0,61.0,5.0,Partly cloudy
2025-08-05 21:00:00,27.1,89.0,32.8,0.0,0.0,3.0,100.0,7.4,Overcast
2025-08-05 22:00:00,26.7,91.0,32.8,0.0,0.0,3.0,97.0,4.8,Overcast
2025-08-05 23:00:00,26.5,91.0,32.4,0.0,0.0,3.0,99.0,5.4,Overcast
2025-08-06 00:00:00,26.1,93.0,32.4,0.0,0.0,3.0,98.0,2.4,Overcast
2025-08-06 01:00:00,26.0,94.0,32.4,0.0,0.0,3.0,100.0,1.5,Overcast
2025-08-06 02:00:00,25.7,95.0,32.0,0.0,0.0,3.0,100.0,1.8,Overcast
2025-08-06 03:00:00,25.8,95.0,31.8,0.0,0.0,3.0,100.0,3.8,Overcast
2025-08-06 04:00:00,25.7,95.0,31.7,0.0,0.0,3.0,100.0,4.7,Overcast
2025-08-06 05:00:00,25.6,95.0,31.6,0.0,0.0,3.0,100.0,3.7,Overcast
2025-08-06 06:00:00,25.6,95.0,31.7,0.0,0.0,3.0,100.0,3.6,Overcast
2025-08-06 07:00:00,26.4,90.0,32.2,0.0,0.0,3.0,100.0,5.3,Overcast
2025-08-06 08:00:00,28.3,84.0,34.4,0.0,0.0,3.0,100.0,6.2,Overcast
2025-08-06 09:00:00,29.7,75.0,34.9,0.1,0.1,51.0,100.0,9.6,Drizzle: Light
2025-08-06 10:00:00,30.5,69.0,35.8,0.1,0.1,51.0,100.0,8.8,Drizzle: Light
2025-08-06 11:00:00,31.5,63.0,38.0,0.0,0.0,3.0,100.0,6.5,Overcast
2025-08-06 12:00:00,32.1,60.0,38.6,0.0,0.0,3.0,100.0,5.6,Overcast
2025-08-06 13:00:00,32.5,59.0,39.0,0.0,0.0,3.0,100.0,6.2,Overcast
2025-08-06 14:00:00,32.4,60.0,38.4,0.0,0.0,3.0,100.0,7.0,Overcast
2025-08-06 15:00:00,31.7,62.0,36.9,0.8,0.8,53.0,100.0,8.3,Drizzle: Moderate
2025-08-06 16:00:00,27.9,80.0,32.0,2.9,2.9,63.0,100.0,14.6,Rain: Moderate
2025-08-06 17:00:00,26.3,85.0,31.2,1.2,1.2,55.0,100.0,6.6,Drizzle: Dense
2025-08-06 18:00:00,26.2,86.0,31.3,0.0,0.0,3.0,99.0,5.5,Overcast
2025-08-06 19:00:00,26.0,89.0,31.5,0.0,0.0,3.0,100.0,4.5,Overcast
2025-08-06 20:00:00,27.3,85.0,32.5,0.0,0.0,3.0,100.0,8.1,Overcast
2025-08-06 21:00:00,26.8,88.0,32.2,0.0,0.0,3.0,100.0,6.7,Overcast
2025-08-06 22:00:00,26.6,87.0,31.9,0.0,0.0,3.0,100.0,6.6,Overcast
2025-08-06 23:00:00,26.2,88.0,31.6,0.0,0.0,3.0,100.0,5.7,Overcast
2025-08-07 00:00:00,25.9,90.0,31.7,0.0,0.0,3.0,100.0,2.7,Overcast
2025-08-07 01:00:00,25.6,91.0,31.4,0.0,0.0,3.0,100.0,2.3,Overcast
2025-08-07 02:00:00,25.3,93.0,31.2,0.0,0.0,3.0,100.0,1.7,Overcast
2025-08-07 03:00:00,25.2,93.0,31.0,0.0,0.0,3.0,100.0,1.5,Overcast
2025-08-07 04:00:00,25.1,93.0,31.0,0.0,0.0,3.0,100.0,1.0,Overcast
2025-08-07 05:00:00,25.1,93.0,31.0,0.0,0.0,3.0,100.0,0.9,Overcast
2025-08-07 06:00:00,25.3,93.0,31.2,0.0,0.0,3.0,100.0,0.8,Overcast
2025-08-07 07:00:00,26.3,88.0,32.5,0.0,0.0,3.0,99.0,0.0,Overcast
2025-08-07 08:00:00,28.3,81.0,34.6,0.0,0.0,3.0,100.0,1.9,Overcast
2025-08-07 09:00:00,29.8,72.0,35.1,0.0,0.0,3.0,98.0,6.3,Overcast
2025-08-07 10:00:00,30.8,65.0,36.0,0.0,0.0,3.0,100.0,7.8,Overcast
2025-08-07 11:00:00,31.8,60.0,38.2,0.0,0.0,3.0,97.0,6.8,Overcast
2025-08-07 12:00:00,32.6,58.0,39.6,0.0,0.0,3.0,99.0,5.9,Overcast
2025-08-07 13:00:00,33.0,58.0,39.8,0.0,0.0,0.0,14.0,7.6,Clear sky
2025-08-07 14:00:00,33.1,57.0,39.3,0.0,0.0,0.0,15.0,8.2,Clear sky
2025-08-07 15:00:00,32.4,56.0,36.9,0.6,0.6,53.0,59.0,9.8,Drizzle: Moderate
2025-08-07 16:00:00,30.5,66.0,34.8,0.4,0.4,51.0,91.0,10.4,Drizzle: Light
2025-08-07 17:00:00,29.9,70.0,34.5,0.0,0.0,3.0,95.0,10.3,Overcast
2025-08-07 18:00:00,29.2,75.0,34.9,0.0,0.0,1.0,33.0,3.8,Mainly clear
2025-08-07 19:00:00,28.6,80.0,34.6,0.0,0.0,1.0,20.0,4.1,Mainly clear
2025-08-07 20:00:00,28.6,84.0,35.6,0.0,0.0,0.0,16.0,1.2,Clear sky
2025-08-07 21:00:00,28.3,86.0,35.3,0.0,0.0,0.0,1.0,1.3,Clear sky
2025-08-07 22:00:00,27.9,89.0,35.0,0.0,0.0,0.0,3.0,0.9,Clear sky
2025-08-07 23:00:00,27.6,88.0,34.6,0.0,0.0,0.0,2.0,0.2,Clear sky
2025-08-08 00:00:00,27.3,89.0,34.2,0.0,0.0,0.0,0.0,0.0,Clear sky
2025-08-08 01:00:00,26.7,92.0,33.3,0.0,0.0,0.0,0.0,1.9,Clear sky
2025-08-08 02:00:00,26.3,94.0,32.9,0.0,0.0,0.0,0.0,2.7,Clear sky
2025-08-08 03:00:00,25.9,96.0,32.5,0.0,0.0,0.0,0.0,2.2,Clear sky
2025-08-08 04:00:00,25.6,97.0,32.3,0.0,0.0,0.0,0.0,1.0,Clear sky
2025-08-08 05:00:00,25.4,97.0,31.8,0.0,0.0,0.0,0.0,1.5,Clear sky
2025-08-08 06:00:00,25.2,99.0,31.9,0.0,0.0,0.0,2.0,1.2,Clear sky
2025-08-08 07:00:00,26.5,94.0,33.2,0.0,0.0,0.0,0.0,1.8,Clear sky
2025-08-08 08:00:00,28.4,82.0,34.9,0.0,0.0,2.0,52.0,1.8,Partly cloudy
2025-08-08 09:00:00,29.9,72.0,35.8,0.1,0.1,51.0,94.0,3.4,Drizzle: Light
2025-08-08 10:00:00,31.0,64.0,36.9,0.0,0.0,3.0,88.0,4.6,Overcast
2025-08-08 11:00:00,32.1,60.0,38.7,0.0,0.0,3.0,96.0,5.9,Overcast
2025-08-08 12:00:00,32.9,57.0,39.8,0.0,0.0,0.0,17.0,6.6,Clear sky
2025-08-08 13:00:00,33.4,54.0,40.1,0.0,0.0,1.0,31.0,7.5,Mainly clear
2025-08-08 14:00:00,33.3,55.0,39.8,0.0,0.0,2.0,58.0,6.0,Partly cloudy
2025-08-08 15:00:00,33.2,55.0,38.5,0.0,0.0,3.0,100.0,5.4,Overcast
2025-08-08 16:00:00,28.7,78.0,33.3,5.5,5.5,63.0,100.0,12.0,Rain: Moderate
2025-08-08 17:00:00,26.6,89.0,32.3,4.1,4.1,63.0,100.0,5.1,Rain: Moderate
2025-08-08 18:00:00,26.7,91.0,33.0,0.0,0.0,3.0,100.0,3.2,Overcast
2025-08-08 19:00:00,26.5,91.0,32.8,0.0,0.0,3.0,100.0,2.9,Overcast
2025-08-08 20:00:00,28.0,85.0,34.7,0.0,0.0,3.0,100.0,1.5,Overcast
2025-08-08 21:00:00,27.9,88.0,34.9,0.0,0.0,3.0,100.0,1.5,Overcast
2025-08-08 22:00:00,27.8,89.0,34.9,0.0,0.0,3.0,100.0,1.5,Overcast
2025-08-08 23:00:00,27.6,90.0,34.8,0.0,0.0,3.0,100.0,1.5,Overcast
2025-08-09 00:00:00,27.4,91.0,34.4,0.0,0.0,3.0,100.0,1.4,Overcast
2025-08-09 01:00:00,27.2,90.0,33.7,0.0,0.0,3.0,100.0,4.1,Overcast
2025-08-09 02:00:00,26.9,88.0,32.6,0.0,0.0,3.0,100.0,6.0,Overcast
2025-08-09 03:00:00,26.6,89.0,32.3,0.0,0.0,3.0,100.0,5.2,Overcast
2025-08-09 04:00:00,25.7,90.0,31.5,4.0,4.0,63.0,100.0,1.5,Rain: Moderate
2025-08-09 05:00:00,24.8,95.0,30.3,3.6,3.6,63.0,100.0,4.2,Rain: Moderate
2025-08-09 06:00:00,25.0,95.0,31.0,0.1,0.1,51.0,100.0,1.0,Drizzle: Light
2025-08-09 07:00:00,26.0,92.0,32.2,0.0,0.0,3.0,100.0,1.3,Overcast
2025-08-09 08:00:00,28.2,85.0,34.7,0.0,0.0,3.0,100.0,2.6,Overcast
2025-08-09 09:00:00,29.5,77.0,35.8,0.0,0.0,3.0,99.0,3.5,Overcast
2025-08-09 10:00:00,30.7,73.0,37.8,0.1,0.1,51.0,99.0,5.6,Drizzle: Light
2025-08-09 11:00:00,31.6,71.0,39.5,0.2,0.2,51.0,95.0,5.5,Drizzle: Light
2025-08-09 12:00:00,32.2,68.0,40.2,0.1,0.1,51.0,70.0,8.2,Drizzle: Light
2025-08-09 13:00:00,28.7,76.0,33.8,9.3,9.3,65.0,97.0,15.5,Rain: Heavy
2025-08-09 14:00:00,27.9,81.0,32.6,0.2,0.2,51.0,98.0,10.8,Drizzle: Light
2025-08-09 15:00:00,28.4,80.0,34.1,0.0,0.0,3.0,99.0,4.9,Overcast
2025-08-09 16:00:00,28.8,79.0,34.4,0.0,0.0,3.0,100.0,6.5,Overcast
2025-08-09 17:00:00,28.3,81.0,33.8,0.0,0.0,3.0,100.0,6.4,Overcast
2025-08-09 18:00:00,26.9,85.0,32.1,0.4,0.4,51.0,100.0,6.8,Drizzle: Light
2025-08-09 19:00:00,26.2,89.0,30.8,0.0,0.0,3.0,98.0,10.9,Overcast
2025-08-09 20:00:00,26.1,86.0,31.0,0.0,0.0,3.0,98.0,7.1,Overcast
2025-08-09 21:00:00,25.5,88.0,30.1,0.1,0.1,51.0,99.0,8.3,Drizzle: Light
2025-08-09 22:00:00,23.9,96.0,27.9,4.0,4.0,63.0,100.0,10.9,Rain: Moderate
2025-08-09 23:00:00,24.1,94.0,29.1,0.4,0.4,51.0,100.0,3.6,Drizzle: Light
2025-08-10 00:00:00,24.1,96.0,29.5,0.1,0.1,51.0,100.0,2.1,Drizzle: Light
2025-08-10 01:00:00,24.1,94.0,29.1,0.0,0.0,3.0,96.0,4.0,Overcast
2025-08-10 02:00:00,23.8,96.0,28.8,0.0,0.0,3.0,99.0,4.4,Overcast
2025-08-10 03:00:00,23.6,97.0,28.8,0.0,0.0,3.0,94.0,2.3,Overcast
2025-08-10 04:00:00,23.6,97.0,28.7,0.0,0.0,3.0,94.0,3.0,Overcast
2025-08-10 05:00:00,23.5,97.0,28.7,0.0,0.0,3.0,92.0,2.5,Overcast
2025-08-10 06:00:00,23.6,96.0,28.9,0.0,0.0,3.0,81.0,1.0,Overcast
2025-08-10 07:00:00,24.9,92.0,30.5,0.0,0.0,3.0,100.0,1.6,Overcast
2025-08-10 08:00:00,26.9,85.0,32.9,0.0,0.0,3.0,94.0,1.7,Overcast
2025-08-10 09:00:00,28.3,80.0,34.4,0.0,0.0,3.0,99.0,2.7,Overcast
2025-08-10 10:00:00,29.8,74.0,37.0,0.0,0.0,3.0,95.0,4.2,Overcast
2025-08-10 11:00:00,31.2,66.0,38.5,0.0,0.0,1.0,24.0,6.5,Mainly clear
2025-08-10 12:00:00,32.1,62.0,39.4,0.0,0.0,2.0,75.0,6.7,Partly cloudy
2025-08-10 13:00:00,32.6,59.0,39.7,0.0,0.0,3.0,90.0,7.3,Overcast
2025-08-10 14:00:00,32.1,61.0,38.7,0.5,0.5,53.0,91.0,7.0,Drizzle: Moderate
2025-08-10 15:00:00,28.3,75.0,31.8,0.6,0.6,53.0,99.0,17.7,Drizzle: Moderate
2025-08-10 16:00:00,28.0,81.0,33.1,0.3,0.3,51.0,99.0,7.9,Drizzle: Light
2025-08-10 17:00:00,28.7,76.0,33.4,0.0,0.0,3.0,98.0,10.1,Overcast
2025-08-10 18:00:00,25.8,88.0,30.1,1.7,1.7,61.0,99.0,10.5,Rain: Slight
2025-08-10 19:00:00,25.1,92.0,29.9,0.1,0.1,51.0,95.0,7.3,Drizzle: Light
2025-08-10 20:00:00,26.5,88.0,31.3,0.0,0.0,3.0,99.0,10.2,Overcast
2025-08-10 21:00:00,26.3,91.0,31.2,0.0,0.0,3.0,98.0,11.3,Overcast
2025-08-10 22:00:00,26.2,91.0,31.3,0.0,0.0,3.0,100.0,10.0,Overcast
2025-08-10 23:00:00,25.7,92.0,30.6,0.0,0.0,3.0,100.0,8.9,Overcast
2025-08-11 00:00:00,25.3,93.0,30.5,0.0,0.0,3.0,83.0,5.8,Overcast
2025-08-11 01:00:00,25.1,93.0,30.5,0.0,0.0,2.0,75.0,4.0,Partly cloudy
2025-08-11 02:00:00,24.9,94.0,30.2,0.0,0.0,3.0,95.0,4.1,Overcast
2025-08-11 03:00:00,24.7,95.0,29.9,0.0,0.0,3.0,93.0,5.2,Overcast
2025-08-11 04:00:00,24.5,96.0,29.4,0.0,0.0,3.0,97.0,7.5,Overcast
2025-08-11 05:00:00,24.8,95.0,29.7,0.0,0.0,3.0,100.0,7.7,Overcast
2025-08-11 06:00:00,24.8,95.0,29.8,0.0,0.0,3.0,100.0,7.4,Overcast
2025-08-11 07:00:00,25.4,93.0,30.2,0.0,0.0,3.0,93.0,9.7,Overcast
2025-08-11 08:00:00,27.4,83.0,32.0,0.0,0.0,2.0,56.0,11.2,Partly cloudy
2025-08-11 09:00:00,28.7,76.0,33.2,0.1,0.1,51.0,37.0,10.5,Drizzle: Light
2025-08-11 10:00:00,29.7,72.0,35.2,0.1,0.1,51.0,26.0,9.8,Drizzle: Light
2025-08-11 11:00:00,30.5,69.0,36.4,0.0,0.0,3.0,100.0,9.8,Overcast
2025-08-11 12:00:00,31.5,62.0,37.4,0.1,0.1,51.0,100.0,7.2,Drizzle: Light
2025-08-11 13:00:00,29.6,69.0,33.9,0.9,0.9,53.0,95.0,9.7,Drizzle: Moderate
2025-08-11 14:00:00,28.5,76.0,33.4,0.5,0.5,53.0,99.0,10.7,Drizzle: Moderate
2025-08-11 15:00:00,29.1,74.0,33.6,0.1,0.1,51.0,89.0,11.2,Drizzle: Light
2025-08-11 16:00:00,27.8,81.0,32.8,2.0,2.0,61.0,87.0,8.5,Rain: Slight
2025-08-11 17:00:00,26.4,84.0,29.7,1.9,1.9,61.0,99.0,16.3,Rain: Slight
2025-08-11 18:00:00,25.2,89.0,29.6,0.3,0.3,51.0,96.0,9.0,Drizzle: Light
2025-08-11 19:00:00,25.0,93.0,30.2,0.1,0.1,51.0,98.0,5.1,Drizzle: Light
2025-08-11 20:00:00,25.6,91.0,31.3,0.3,0.3,51.0,97.0,2.6,Drizzle: Light
2025-08-11 21:00:00,24.9,94.0,30.4,6.9,6.9,63.0,84.0,3.9,Rain: Moderate
2025-08-11 22:00:00,24.6,96.0,29.4,6.5,6.5,63.0,80.0,8.6,Rain: Moderate
2025-08-11 23:00:00,24.8,94.0,29.9,0.1,0.1,51.0,95.0,6.7,Drizzle: Light
2025-08-12 00:00:00,24.9,94.0,29.8,0.0,0.0,3.0,100.0,7.9,Overcast
2025-08-12 01:00:00,24.7,95.0,29.8,0.2,0.2,51.0,100.0,6.0,Drizzle: Light
2025-08-12 02:00:00,24.4,96.0,29.2,0.1,0.1,51.0,100.0,7.7,Drizzle: Light
2025-08-12 03:00:00,24.4,95.0,29.6,1.7,1.7,61.0,99.0,4.9,Rain: Slight
2025-08-12 04:00:00,24.4,96.0,29.4,0.2,0.2,51.0,98.0,5.6,Drizzle: Light
2025-08-12 05:00:00,24.3,96.0,29.6,0.0,0.0,3.0,99.0,4.5,Overcast
2025-08-12 06:00:00,24.6,95.0,29.6,0.0,0.0,3.0,100.0,6.5,Overcast
2025-08-12 07:00:00,25.4,94.0,30.7,0.1,0.1,51.0,100.0,7.4,Drizzle: Light
2025-08-12 08:00:00,27.0,88.0,33.0,0.2,0.2,51.0,100.0,4.7,Drizzle: Light
2025-08-12 09:00:00,27.7,84.0,33.1,0.2,0.2,51.0,100.0,8.5,Drizzle: Light
2025-08-12 10:00:00,28.6,79.0,33.7,0.0,0.0,3.0,100.0,9.5,Overcast
2025-08-12 11:00:00,29.7,72.0,35.2,0.1,0.1,51.0,100.0,8.7,Drizzle: Light
2025-08-12 12:00:00,30.6,69.0,37.1,0.0,0.0,3.0,100.0,7.7,Overcast
2025-08-12 13:00:00,31.4,66.0,38.5,0.1,0.1,51.0,100.0,7.4,Drizzle: Light
2025-08-12 14:00:00,29.9,67.0,35.2,0.4,0.4,51.0,100.0,10.4,Drizzle: Light
2025-08-12 15:00:00,28.8,74.0,32.7,0.1,0.1,51.0,100.0,13.6,Drizzle: Light
2025-08-12 16:00:00,28.1,79.0,32.9,0.1,0.1,51.0,100.0,10.0,Drizzle: Light
2025-08-12 17:00:00,27.9,80.0,32.3,0.0,0.0,3.0,100.0,12.0,Overcast
2025-08-12 18:00:00,27.2,84.0,32.1,0.3,0.3,51.0,100.0,9.1,Drizzle: Light
2025-08-12 19:00:00,26.5,85.0,30.8,2.0,2.0,61.0,100.0,11.4,Rain: Slight
2025-08-12 20:00:00,27.1,86.0,32.3,0.0,0.0,3.0,90.0,8.7,Overcast
2025-08-12 21:00:00,26.5,87.0,31.5,0.0,0.0,3.0,99.0,8.5,Overcast
2025-08-12 22:00:00,26.3,89.0,31.6,0.0,0.0,3.0,98.0,6.5,Overcast
2025-08-12 23:00:00,26.0,91.0,31.5,0.0,0.0,3.0,100.0,5.6,Overcast
2025-08-13 00:00:00,25.9,91.0,31.6,0.0,0.0,3.0,100.0,4.3,Overcast
2025-08-13 01:00:00,25.6,93.0,31.5,0.0,0.0,3.0,100.0,3.0,Overcast
2025-08-13 02:00:00,25.5,93.0,31.5,0.0,0.0,3.0,100.0,1.9,Overcast
2025-08-13 03:00:00,25.2,94.0,30.9,0.0,0.0,3.0,100.0,4.0,Overcast
2025-08-13 04:00:00,25.0,95.0,30.7,0.0,0.0,3.0,100.0,3.5,Overcast
2025-08-13 05:00:00,24.8,95.0,30.7,0.0,0.0,3.0,100.0,0.6,Overcast
2025-08-13 06:00:00,24.9,94.0,30.6,0.0,0.0,3.0,100.0,2.4,Overcast
2025-08-13 07:00:00,25.7,91.0,30.9,0.0,0.0,3.0,100.0,6.9,Overcast
2025-08-13 08:00:00,27.3,86.0,33.3,0.0,0.0,3.0,100.0,4.3,Overcast
2025-08-13 09:00:00,28.8,81.0,34.6,0.0,0.0,3.0,100.0,6.8,Overcast
2025-08-13 10:00:00,29.9,74.0,36.1,0.1,0.1,51.0,100.0,8.6,Drizzle: Light
2025-08-13 11:00:00,31.0,67.0,36.8,0.1,0.1,51.0,100.0,10.8,Drizzle: Light
2025-08-13 12:00:00,25.8,88.0,29.5,7.3,7.3,63.0,100.0,15.1,Rain: Moderate
2025-08-13 13:00:00,26.3,87.0,31.0,0.5,0.5,53.0,100.0,9.2,Drizzle: Moderate
2025-08-13 14:00:00,28.2,80.0,32.8,0.4,0.4,51.0,100.0,12.0,Drizzle: Light
2025-08-13 15:00:00,27.5,78.0,31.1,1.8,1.8,61.0,100.0,13.9,Rain: Slight
2025-08-13 16:00:00,27.5,76.0,30.6,0.5,0.5,53.0,100.0,16.2,Drizzle: Moderate
2025-08-13 17:00:00,27.3,80.0,31.3,0.1,0.1,51.0,100.0,12.4,Drizzle: Light
2025-08-13 18:00:00,26.9,83.0,31.7,0.0,0.0,3.0,100.0,7.6,Overcast
2025-08-13 19:00:00,26.4,87.0,31.6,0.0,0.0,3.0,100.0,6.0,Overcast
2025-08-13 20:00:00,26.8,87.0,32.1,0.6,0.6,53.0,100.0,7.8,Drizzle: Moderate
2025-08-13 21:00:00,26.8,86.0,31.6,0.0,0.0,3.0,100.0,9.6,Overcast
2025-08-13 22:00:00,26.3,88.0,31.3,0.0,0.0,3.0,100.0,7.7,Overcast
2025-08-13 23:00:00,24.9,95.0,30.1,1.3,1.3,61.0,100.0,5.8,Rain: Slight
2025-08-14 00:00:00,24.5,97.0,30.3,0.1,0.1,51.0,100.0,1.8,Drizzle: Light
2025-08-14 01:00:00,24.4,98.0,30.4,0.1,0.1,51.0,100.0,0.9,Drizzle: Light
2025-08-14 02:00:00,24.4,98.0,30.1,0.0,0.0,3.0,100.0,2.2,Overcast
2025-08-14 03:00:00,24.2,98.0,30.0,0.0,0.0,3.0,100.0,1.8,Overcast
2025-08-14 04:00:00,24.3,99.0,30.0,0.0,0.0,3.0,100.0,2.5,Overcast
2025-08-14 05:00:00,23.8,99.0,29.4,0.0,0.0,3.0,100.0,1.9,Overcast
2025-08-14 06:00:00,24.0,99.0,29.6,0.0,0.0,3.0,100.0,2.3,Overcast
2025-08-14 07:00:00,25.2,93.0,30.7,0.0,0.0,3.0,100.0,3.1,Overcast
2025-08-14 08:00:00,26.9,90.0,32.9,0.0,0.0,3.0,100.0,5.0,Overcast
2025-08-14 09:00:00,28.3,82.0,34.0,0.1,0.1,51.0,100.0,7.2,Drizzle: Light
2025-08-14 10:00:00,29.6,74.0,35.4,0.1,0.1,51.0,97.0,6.8,Drizzle: Light
2025-08-14 11:00:00,31.0,70.0,38.5,0.1,0.1,51.0,99.0,5.7,Drizzle: Light
2025-08-14 12:00:00,31.6,67.0,39.4,0.2,0.2,51.0,100.0,5.6,Drizzle: Light
2025-08-14 13:00:00,31.6,65.0,38.6,0.1,0.1,51.0,100.0,4.2,Drizzle: Light
2025-08-14 14:00:00,28.5,80.0,34.7,12.8,12.8,65.0,100.0,3.2,Rain: Heavy
2025-08-14 15:00:00,25.7,92.0,30.2,22.2,22.2,65.0,100.0,12.2,Rain: Heavy
2025-08-14 16:00:00,25.6,92.0,30.5,2.8,2.8,63.0,100.0,9.3,Rain: Moderate
2025-08-14 17:00:00,25.6,90.0,30.2,2.3,2.3,61.0,100.0,9.4,Rain: Slight
2025-08-14 18:00:00,25.2,93.0,30.5,0.4,0.4,51.0,100.0,5.8,Drizzle: Light
2025-08-14 19:00:00,25.0,94.0,30.8,0.5,0.5,53.0,100.0,1.5,Drizzle: Moderate
2025-08-14 20:00:00,25.1,96.0,31.2,0.7,0.7,53.0,100.0,1.7,Drizzle: Moderate
2025-08-14 21:00:00,25.2,96.0,31.6,0.7,0.7,53.0,100.0,1.1,Drizzle: Moderate
2025-08-14 22:00:00,25.1,97.0,31.0,0.4,0.4,51.0,100.0,3.7,Drizzle: Light
2025-08-14 23:00:00,25.1,96.0,31.2,0.3,0.3,51.0,100.0,1.9,Drizzle: Light
2025-08-15 00:00:00,25.1,96.0,31.3,0.2,0.2,51.0,100.0,0.9,Drizzle: Light
2025-08-15 01:00:00,24.9,96.0,30.7,0.1,0.1,51.0,100.0,2.8,Drizzle: Light
2025-08-15 02:00:00,24.7,97.0,30.2,0.0,0.0,3.0,100.0,4.1,Overcast
2025-08-15 03:00:00,24.4,97.0,29.7,0.0,0.0,3.0,100.0,5.1,Overcast
2025-08-15 04:00:00,24.3,97.0,29.5,0.0,0.0,3.0,100.0,4.8,Overcast
2025-08-15 05:00:00,24.3,97.0,29.5,0.0,0.0,3.0,100.0,5.4,Overcast
2025-08-15 06:00:00,24.3,98.0,28.8,0.0,0.0,3.0,100.0,10.3,Overcast
2025-08-15 07:00:00,25.3,92.0,29.5,0.0,0.0,3.0,100.0,12.8,Overcast
2025-08-15 08:00:00,26.9,89.0,32.5,0.2,0.2,51.0,100.0,8.0,Drizzle: Light
2025-08-15 09:00:00,28.1,85.0,34.0,0.2,0.2,51.0,100.0,6.7,Drizzle: Light
2025-08-15 10:00:00,29.2,81.0,35.9,0.3,0.3,51.0,100.0,7.5,Drizzle: Light
2025-08-15 11:00:00,29.8,75.0,36.2,0.7,0.7,53.0,100.0,7.9,Drizzle: Moderate
2025-08-15 12:00:00,30.8,67.0,37.1,0.3,0.3,51.0,100.0,7.8,Drizzle: Light
2025-08-15 13:00:00,27.4,79.0,30.7,9.0,9.0,65.0,100.0,18.2,Rain: Heavy
2025-08-15 14:00:00,26.4,87.0,31.2,0.7,0.7,53.0,100.0,9.8,Drizzle: Moderate
2025-08-15 15:00:00,26.9,84.0,31.2,0.2,0.2,51.0,100.0,12.6,Drizzle: Light
2025-08-15 16:00:00,27.6,81.0,31.9,0.1,0.1,51.0,100.0,12.0,Drizzle: Light
2025-08-15 17:00:00,26.5,85.0,30.4,1.7,1.7,61.0,100.0,13.4,Rain: Slight
2025-08-15 18:00:00,25.4,92.0,30.8,0.9,0.9,53.0,100.0,4.8,Drizzle: Moderate
2025-08-15 19:00:00,25.3,93.0,30.7,0.3,0.3,51.0,100.0,5.0,Drizzle: Light
2025-08-15 20:00:00,25.3,92.0,30.6,0.7,0.7,53.0,100.0,4.5,Drizzle: Moderate
2025-08-15 21:00:00,25.2,95.0,30.9,0.7,0.7,53.0,100.0,3.5,Drizzle: Moderate
2025-08-15 22:00:00,25.2,95.0,31.2,0.5,0.5,53.0,100.0,2.4,Drizzle: Moderate
2025-08-15 23:00:00,25.0,96.0,30.2,0.5,0.5,53.0,100.0,7.1,Drizzle: Moderate
2025-08-16 00:00:00,24.7,96.0,29.8,0.4,0.4,51.0,100.0,7.3,Drizzle: Light
2025-08-16 01:00:00,24.5,97.0,29.8,0.2,0.2,51.0,100.0,5.3,Drizzle: Light
2025-08-16 02:00:00,24.3,98.0,29.7,0.1,0.1,51.0,100.0,4.6,Drizzle: Light
2025-08-16 03:00:00,24.2,97.0,29.6,0.0,0.0,3.0,100.0,4.2,Overcast
2025-08-16 04:00:00,24.1,97.0,29.0,0.3,0.3,51.0,100.0,6.0,Drizzle: Light
2025-08-16 05:00:00,24.2,97.0,29.4,0.2,0.2,51.0,100.0,4.8,Drizzle: Light
2025-08-16 06:00:00,24.0,95.0,28.0,0.7,0.7,53.0,100.0,10.6,Drizzle: Moderate
2025-08-16 07:00:00,24.4,92.0,28.2,0.2,0.2,51.0,100.0,11.8,Drizzle: Light
2025-08-16 08:00:00,25.9,88.0,30.2,0.0,0.0,3.0,100.0,11.3,Overcast
2025-08-16 09:00:00,26.9,83.0,31.4,0.0,0.0,3.0,100.0,10.1,Overcast
2025-08-16 10:00:00,27.2,82.0,32.1,0.0,0.0,3.0,100.0,7.5,Overcast
2025-08-16 11:00:00,28.8,74.0,33.7,0.2,0.2,51.0,100.0,10.2,Drizzle: Light
2025-08-16 12:00:00,27.7,77.0,31.9,2.2,2.2,61.0,100.0,10.0,Rain: Slight
2025-08-16 13:00:00,26.5,83.0,30.4,9.3,9.3,65.0,99.0,12.6,Rain: Heavy
2025-08-16 14:00:00,26.2,77.0,28.8,2.7,2.7,63.0,100.0,15.8,Rain: Moderate
2025-08-16 15:00:00,24.9,94.0,28.5,3.6,3.6,63.0,100.0,16.1,Rain: Moderate
2025-08-16 16:00:00,24.7,95.0,28.3,2.4,2.4,61.0,100.0,16.5,Rain: Slight
2025-08-16 17:00:00,24.7,96.0,29.0,1.4,1.4,61.0,100.0,11.9,Rain: Slight
2025-08-16 18:00:00,24.5,95.0,29.0,1.9,1.9,61.0,100.0,9.5,Rain: Slight
2025-08-16 19:00:00,24.5,95.0,29.3,0.7,0.7,53.0,100.0,7.5,Drizzle: Moderate
2025-08-16 20:00:00,25.1,91.0,29.2,0.2,0.2,51.0,100.0,11.3,Drizzle: Light
2025-08-16 21:00:00,24.9,92.0,29.3,1.3,1.3,61.0,100.0,9.1,Rain: Slight
2025-08-16 22:00:00,24.5,93.0,28.7,0.1,0.1,51.0,100.0,9.9,Drizzle: Light
2025-08-16 23:00:00,24.2,94.0,28.4,0.1,0.1,51.0,100.0,9.7,Drizzle: Light
2025-08-17 00:00:00,24.0,95.0,28.3,0.1,0.1,51.0,100.0,9.1,Drizzle: Light
2025-08-17 01:00:00,23.8,96.0,28.2,0.1,0.1,51.0,100.0,8.8,Drizzle: Light
2025-08-17 02:00:00,23.9,96.0,28.2,0.1,0.1,51.0,100.0,9.7,Drizzle: Light
2025-08-17 03:00:00,24.0,96.0,28.3,0.0,0.0,3.0,100.0,9.1,Overcast
2025-08-17 04:00:00,23.8,97.0,28.5,0.0,0.0,3.0,99.0,7.0,Overcast
2025-08-17 05:00:00,23.9,97.0,28.8,0.0,0.0,3.0,100.0,5.9,Overcast
2025-08-17 06:00:00,24.0,96.0,28.9,0.0,0.0,2.0,76.0,5.9,Partly cloudy
2025-08-17 07:00:00,25.0,92.0,29.7,0.0,0.0,3.0,96.0,7.9,Overcast
2025-08-17 08:00:00,26.2,89.0,31.3,0.0,0.0,3.0,100.0,7.6,Overcast
2025-08-17 09:00:00,27.6,83.0,32.5,0.0,0.0,3.0,100.0,10.5,Overcast
2025-08-17 10:00:00,28.8,75.0,33.9,0.0,0.0,3.0,100.0,13.9,Overcast
2025-08-17 11:00:00,29.5,70.0,34.3,0.0,0.0,3.0,99.0,15.4,Overcast
2025-08-17 12:00:00,29.7,68.0,34.1,0.0,0.0,3.0,100.0,13.1,Overcast
2025-08-17 13:00:00,29.8,65.0,33.5,1.1,1.1,55.0,100.0,13.9,Drizzle: Dense
2025-08-17 14:00:00,27.6,80.0,32.2,3.0,3.0,63.0,100.0,13.9,Rain: Moderate
2025-08-17 15:00:00,25.3,92.0,29.9,3.1,3.1,63.0,100.0,9.7,Rain: Moderate
2025-08-17 16:00:00,25.7,90.0,30.7,0.5,0.5,53.0,100.0,6.6,Drizzle: Moderate
2025-08-17 17:00:00,25.8,92.0,31.3,0.7,0.7,53.0,100.0,5.1,Drizzle: Moderate
2025-08-17 18:00:00,25.6,93.0,30.7,0.2,0.2,51.0,100.0,7.8,Drizzle: Light
2025-08-17 19:00:00,25.3,93.0,30.5,0.1,0.1,51.0,100.0,7.2,Drizzle: Light
2025-08-17 20:00:00,25.8,91.0,31.2,0.9,0.9,53.0,100.0,5.9,Drizzle: Moderate
2025-08-17 21:00:00,25.7,89.0,29.8,0.3,0.3,51.0,100.0,12.1,Drizzle: Light
2025-08-17 22:00:00,24.8,87.0,28.1,1.2,1.2,55.0,100.0,12.4,Drizzle: Dense
2025-08-17 23:00:00,24.4,90.0,28.6,0.2,0.2,51.0,100.0,7.6,Drizzle: Light
2025-08-18 00:00:00,24.4,91.0,28.5,0.0,0.0,3.0,100.0,8.6,Overcast
2025-08-18 01:00:00,24.4,90.0,28.3,0.1,0.1,51.0,100.0,9.4,Drizzle: Light
2025-08-18 02:00:00,24.2,91.0,28.5,0.0,0.0,3.0,100.0,7.0,Overcast
2025-08-18 03:00:00,24.1,92.0,28.5,0.0,0.0,3.0,100.0,6.3,Overcast
2025-08-18 04:00:00,24.0,92.0,28.3,0.0,0.0,3.0,100.0,6.5,Overcast
2025-08-18 05:00:00,23.8,94.0,28.2,0.0,0.0,3.0,100.0,6.5,Overcast
2025-08-18 06:00:00,23.8,94.0,28.5,0.0,0.0,3.0,100.0,4.9,Overcast
2025-08-18 07:00:00,24.7,92.0,29.9,0.0,0.0,3.0,100.0,3.4,Overcast
2025-08-18 08:00:00,26.2,84.0,31.4,0.0,0.0,3.0,100.0,3.1,Overcast
2025-08-18 09:00:00,27.7,79.0,33.0,0.0,0.0,3.0,100.0,4.3,Overcast
2025-08-18 10:00:00,29.0,72.0,34.4,0.0,0.0,3.0,100.0,8.0,Overcast
2025-08-18 11:00:00,30.2,67.0,36.1,0.0,0.0,3.0,100.0,8.8,Overcast
2025-08-18 12:00:00,31.1,66.0,37.6,0.0,0.0,3.0,100.0,10.0,Overcast
2025-08-18 13:00:00,31.4,61.0,36.7,0.0,0.0,3.0,100.0,10.8,Overcast
2025-08-18 14:00:00,31.0,60.0,35.2,0.1,0.1,51.0,100.0,12.3,Drizzle: Light
2025-08-18 15:00:00,30.8,61.0,34.5,0.2,0.2,51.0,99.0,11.5,Drizzle: Light
2025-08-18 16:00:00,31.3,59.0,34.6,0.0,0.0,3.0,99.0,12.3,Overcast
2025-08-18 17:00:00,28.9,74.0,32.9,0.0,0.0,3.0,100.0,13.0,Overcast
2025-08-18 18:00:00,27.1,85.0,32.3,0.0,0.0,3.0,100.0,7.5,Overcast
2025-08-18 19:00:00,26.7,88.0,32.1,0.0,0.0,3.0,86.0,7.5,Overcast
2025-08-18 20:00:00,26.9,84.0,32.0,0.0,0.0,1.0,37.0,7.5,Mainly clear
2025-08-18 21:00:00,26.5,86.0,31.5,0.0,0.0,2.0,71.0,7.1,Partly cloudy
2025-08-18 22:00:00,26.1,88.0,31.4,0.0,0.0,0.0,17.0,5.2,Clear sky
2025-08-18 23:00:00,25.9,89.0,30.9,0.0,0.0,1.0,39.0,6.8,Mainly clear
2025-08-19 00:00:00,25.6,92.0,30.7,0.0,0.0,3.0,94.0,7.5,Overcast
2025-08-19 01:00:00,25.4,94.0,30.6,0.0,0.0,0.0,15.0,8.2,Clear sky
2025-08-19 02:00:00,25.3,93.0,30.3,0.0,0.0,2.0,52.0,7.7,Partly cloudy
2025-08-19 03:00:00,25.1,93.0,30.2,0.0,0.0,1.0,33.0,6.4,Mainly clear
2025-08-19 04:00:00,24.9,93.0,30.0,0.0,0.0,1.0,25.0,5.7,Mainly clear
2025-08-19 05:00:00,24.8,94.0,29.9,0.0,0.0,3.0,100.0,5.3,Overcast
2025-08-19 06:00:00,24.7,94.0,29.9,0.0,0.0,3.0,100.0,4.3,Overcast
2025-08-19 07:00:00,25.7,91.0,31.3,0.0,0.0,3.0,99.0,3.6,Overcast
2025-08-19 08:00:00,27.8,85.0,34.0,0.0,0.0,3.0,98.0,4.3,Overcast
2025-08-19 09:00:00,29.4,76.0,34.6,0.2,0.2,51.0,35.0,9.2,Drizzle: Light
2025-08-19 10:00:00,30.3,70.0,36.2,0.2,0.2,51.0,29.0,8.5,Drizzle: Light
2025-08-19 11:00:00,31.0,66.0,37.5,0.1,0.1,51.0,18.0,6.5,Drizzle: Light
2025-08-19 12:00:00,31.4,65.0,38.8,0.1,0.1,51.0,13.0,5.1,Drizzle: Light
2025-08-19 13:00:00,29.5,71.0,35.4,0.3,0.3,51.0,48.0,12.8,Drizzle: Light
2025-08-19 14:00:00,30.1,70.0,35.8,0.1,0.1,51.0,25.0,5.8,Drizzle: Light
2025-08-19 15:00:00,30.9,66.0,36.2,0.1,0.1,51.0,35.0,8.3,Drizzle: Light
2025-08-19 16:00:00,29.4,73.0,34.3,0.1,0.1,51.0,37.0,8.1,Drizzle: Light
2025-08-19 17:00:00,29.2,72.0,33.8,0.5,0.5,53.0,54.0,8.9,Drizzle: Moderate
2025-08-19 18:00:00,28.0,83.0,34.2,0.0,0.0,1.0,35.0,2.7,Mainly clear
2025-08-19 19:00:00,27.4,88.0,34.1,0.0,0.0,1.0,27.0,1.8,Mainly clear
2025-08-19 20:00:00,27.8,84.0,33.7,0.0,0.0,1.0,30.0,5.2,Mainly clear
2025-08-19 21:00:00,27.5,86.0,33.4,0.0,0.0,1.0,40.0,4.8,Mainly clear
2025-08-19 22:00:00,27.1,87.0,33.0,0.1,0.1,51.0,57.0,4.7,Drizzle: Light
2025-08-19 23:00:00,26.8,88.0,32.6,0.1,0.1,51.0,96.0,5.2,Drizzle: Light
2025-08-20 00:00:00,26.5,90.0,32.2,0.0,0.0,3.0,93.0,6.1,Overcast
2025-08-20 01:00:00,26.3,90.0,31.7,0.0,0.0,3.0,93.0,6.4,Overcast
2025-08-20 02:00:00,26.0,90.0,31.5,0.0,0.0,0.0,19.0,5.8,Clear sky
2025-08-20 03:00:00,25.7,91.0,31.2,0.0,0.0,0.0,13.0,5.2,Clear sky
2025-08-20 04:00:00,25.5,92.0,30.9,0.0,0.0,1.0,45.0,4.7,Mainly clear
2025-08-20 05:00:00,25.3,93.0,30.8,0.0,0.0,3.0,82.0,4.3,Overcast
2025-08-20 06:00:00,25.2,93.0,30.7,0.0,0.0,3.0,86.0,4.2,Overcast
2025-08-20 07:00:00,26.1,91.0,32.0,0.0,0.0,3.0,89.0,3.2,Overcast
2025-08-20 08:00:00,28.0,84.0,34.0,0.0,0.0,1.0,47.0,5.6,Mainly clear
2025-08-20 09:00:00,29.6,77.0,35.5,0.0,0.0,3.0,89.0,5.6,Overcast
2025-08-20 10:00:00,30.7,71.0,37.7,0.0,0.0,3.0,87.0,4.1,Overcast
2025-08-20 11:00:00,31.4,67.0,39.4,0.0,0.0,3.0,100.0,3.3,Overcast
2025-08-20 12:00:00,32.1,65.0,41.1,0.0,0.0,3.0,100.0,1.6,Overcast
2025-08-20 13:00:00,32.4,62.0,40.7,0.0,0.0,3.0,100.0,0.9,Overcast
2025-08-20 14:00:00,32.5,62.0,39.5,0.0,0.0,3.0,100.0,2.2,Overcast
2025-08-20 15:00:00,28.3,80.0,34.1,4.0,4.0,63.0,100.0,3.9,Rain: Moderate
2025-08-20 16:00:00,28.0,80.0,32.9,0.1,0.1,51.0,94.0,9.3,Drizzle: Light
2025-08-20 17:00:00,27.6,82.0,33.5,0.1,0.1,51.0,80.0,2.6,Drizzle: Light
2025-08-20 18:00:00,27.2,83.0,32.3,0.5,0.5,53.0,87.0,6.9,Drizzle: Moderate
2025-08-20 19:00:00,24.9,93.0,29.3,3.2,3.2,63.0,99.0,10.5,Rain: Moderate
2025-08-20 20:00:00,24.8,96.0,28.4,9.2,9.2,65.0,99.0,17.7,Rain: Heavy
2025-08-20 21:00:00,24.2,93.0,29.1,2.2,2.2,61.0,100.0,4.0,Rain: Slight
2025-08-20 22:00:00,24.6,94.0,29.5,0.1,0.1,51.0,100.0,6.3,Drizzle: Light
2025-08-20 23:00:00,23.8,96.0,28.2,1.8,1.8,61.0,100.0,8.6,Rain: Slight
2025-08-21 00:00:00,24.1,95.0,28.5,0.1,0.1,51.0,100.0,8.1,Drizzle: Light
2025-08-21 01:00:00,24.1,95.0,28.8,0.1,0.1,51.0,99.0,6.2,Drizzle: Light
2025-08-21 02:00:00,24.1,95.0,29.0,0.1,0.1,51.0,100.0,4.7,Drizzle: Light
2025-08-21 03:00:00,23.7,96.0,28.0,1.4,1.4,61.0,100.0,8.2,Rain: Slight
2025-08-21 04:00:00,23.1,96.0,27.0,7.9,7.9,65.0,100.0,9.3,Rain: Heavy
2025-08-21 05:00:00,23.5,97.0,28.6,11.1,11.1,65.0,100.0,2.4,Rain: Heavy
2025-08-21 06:00:00,23.6,97.0,28.2,4.5,4.5,63.0,100.0,5.9,Rain: Moderate
2025-08-21 07:00:00,23.7,96.0,28.3,2.0,2.0,61.0,100.0,6.7,Rain: Slight
2025-08-21 08:00:00,24.6,96.0,30.0,4.6,4.6,63.0,100.0,4.7,Rain: Moderate
2025-08-21 09:00:00,24.7,96.0,30.0,2.4,2.4,61.0,100.0,4.9,Rain: Slight
2025-08-21 10:00:00,25.4,91.0,30.7,1.3,1.3,61.0,100.0,5.2,Rain: Slight
2025-08-21 11:00:00,26.3,89.0,31.9,0.7,0.7,53.0,100.0,5.2,Drizzle: Moderate
2025-08-21 12:00:00,26.6,86.0,31.9,0.4,0.4,51.0,100.0,6.4,Drizzle: Light
2025-08-21 13:00:00,27.6,81.0,32.7,0.2,0.2,51.0,100.0,6.8,Drizzle: Light
2025-08-21 14:00:00,27.2,80.0,31.8,0.2,0.2,51.0,100.0,8.3,Drizzle: Light
2025-08-21 15:00:00,27.0,81.0,31.4,0.6,0.6,53.0,100.0,8.9,Drizzle: Moderate
2025-08-21 16:00:00,26.6,82.0,30.9,0.4,0.4,51.0,100.0,9.0,Drizzle: Light
2025-08-21 17:00:00,25.3,87.0,29.3,1.5,1.5,61.0,100.0,10.0,Rain: Slight
2025-08-21 18:00:00,25.1,92.0,30.0,0.4,0.4,51.0,99.0,6.7,Drizzle: Light
2025-08-21 19:00:00,24.6,95.0,30.4,0.1,0.1,51.0,92.0,0.3,Drizzle: Light
2025-08-21 20:00:00,24.1,93.0,28.3,0.6,0.6,53.0,100.0,9.1,Drizzle: Moderate
2025-08-21 21:00:00,24.2,94.0,28.4,0.3,0.3,51.0,100.0,9.4,Drizzle: Light
2025-08-21 22:00:00,23.8,96.0,28.4,0.6,0.6,53.0,98.0,5.8,Drizzle: Moderate
2025-08-21 23:00:00,23.9,94.0,29.0,0.4,0.4,51.0,100.0,1.7,Drizzle: Light
2025-08-22 00:00:00,23.8,94.0,28.7,0.1,0.1,51.0,99.0,3.3,Drizzle: Light
2025-08-22 01:00:00,23.7,96.0,28.4,0.0,0.0,2.0,78.0,6.0,Partly cloudy
2025-08-22 02:00:00,23.6,96.0,28.0,0.0,0.0,2.0,77.0,7.6,Partly cloudy
2025-08-22 03:00:00,23.4,96.0,28.1,1.0,1.0,55.0,100.0,4.2,Drizzle: Dense
2025-08-22 04:00:00,23.3,95.0,28.3,0.1,0.1,51.0,52.0,1.9,Drizzle: Light
2025-08-22 05:00:00,23.1,96.0,27.9,0.0,0.0,3.0,99.0,2.6,Overcast
2025-08-22 06:00:00,23.4,96.0,28.3,0.0,0.0,3.0,99.0,3.2,Overcast
2025-08-22 07:00:00,24.8,92.0,30.0,0.0,0.0,3.0,83.0,3.1,Overcast
2025-08-22 08:00:00,26.5,85.0,31.9,0.0,0.0,1.0,23.0,4.0,Mainly clear
2025-08-22 09:00:00,28.1,76.0,32.6,0.0,0.0,3.0,90.0,8.6,Overcast
2025-08-22 10:00:00,29.4,68.0,34.2,0.0,0.0,3.0,98.0,9.8,Overcast
2025-08-22 11:00:00,30.1,63.0,34.6,0.1,0.1,51.0,88.0,12.1,Drizzle: Light
2025-08-22 12:00:00,30.3,61.0,34.0,0.1,0.1,51.0,42.0,11.7,Drizzle: Light
2025-08-22 13:00:00,30.6,62.0,35.4,0.5,0.5,53.0,27.0,12.7,Drizzle: Moderate
2025-08-22 14:00:00,30.5,65.0,35.0,0.1,0.1,51.0,39.0,15.1,Drizzle: Light
2025-08-22 15:00:00,29.3,73.0,34.4,0.3,0.3,51.0,95.0,10.7,Drizzle: Light
2025-08-22 16:00:00,28.3,78.0,33.1,0.4,0.4,51.0,69.0,9.5,Drizzle: Light
2025-08-22 17:00:00,26.6,86.0,31.5,3.5,3.5,63.0,72.0,7.9,Rain: Moderate
2025-08-22 18:00:00,26.6,86.0,31.8,0.0,0.0,2.0,55.0,6.5,Partly cloudy
2025-08-22 19:00:00,26.1,89.0,31.3,0.0,0.0,2.0,68.0,6.9,Partly cloudy
2025-08-22 20:00:00,25.7,88.0,30.5,0.0,0.0,1.0,41.0,7.7,Mainly clear
2025-08-22 21:00:00,25.5,90.0,30.4,0.0,0.0,3.0,94.0,7.4,Overcast
2025-08-22 22:00:00,25.4,91.0,30.4,0.0,0.0,3.0,100.0,6.3,Overcast
2025-08-22 23:00:00,25.2,92.0,30.1,0.0,0.0,2.0,76.0,7.3,Partly cloudy
2025-08-23 00:00:00,25.0,93.0,30.3,0.0,0.0,1.0,31.0,5.1,Mainly clear
2025-08-23 01:00:00,24.8,94.0,29.9,0.0,0.0,3.0,95.0,5.7,Overcast
2025-08-23 02:00:00,24.6,94.0,29.7,0.0,0.0,3.0,97.0,5.0,Overcast
2025-08-23 03:00:00,24.4,94.0,29.5,0.0,0.0,3.0,98.0,4.8,Overcast
2025-08-23 04:00:00,24.1,95.0,29.4,0.0,0.0,3.0,90.0,3.0,Overcast
2025-08-23 05:00:00,24.1,94.0,29.6,0.0,0.0,0.0,15.0,1.0,Clear sky
2025-08-23 06:00:00,24.2,95.0,29.6,0.0,0.0,1.0,25.0,2.0,Mainly clear
2025-08-23 07:00:00,25.2,91.0,30.7,0.0,0.0,2.0,75.0,2.8,Partly cloudy
2025-08-23 08:00:00,27.3,85.0,33.2,0.0,0.0,3.0,100.0,4.1,Overcast
2025-08-23 09:00:00,28.6,77.0,33.5,0.0,0.0,3.0,97.0,9.0,Overcast
2025-08-23 10:00:00,30.0,71.0,36.0,0.0,0.0,2.0,79.0,8.8,Partly cloudy
2025-08-23 11:00:00,30.7,70.0,37.5,0.1,0.1,51.0,100.0,10.5,Drizzle: Light
2025-08-23 12:00:00,27.3,82.0,32.7,14.1,14.1,65.0,100.0,12.0,Rain: Heavy
2025-08-23 13:00:00,27.6,82.0,32.8,0.4,0.4,51.0,100.0,7.2,Drizzle: Light
2025-08-23 14:00:00,29.4,78.0,35.4,0.2,0.2,51.0,100.0,10.7,Drizzle: Light
2025-08-23 15:00:00,28.8,79.0,33.7,0.2,0.2,51.0,100.0,11.0,Drizzle: Light
2025-08-23 16:00:00,28.4,78.0,32.8,1.5,1.5,61.0,99.0,12.2,Rain: Slight
2025-08-23 17:00:00,27.7,82.0,33.5,0.4,0.4,51.0,100.0,3.1,Drizzle: Light
2025-08-23 18:00:00,27.4,86.0,33.8,0.0,0.0,3.0,100.0,1.5,Overcast
2025-08-23 19:00:00,26.7,92.0,33.5,0.0,0.0,3.0,100.0,0.7,Overcast
2025-08-23 20:00:00,26.9,87.0,32.6,0.0,0.0,3.0,100.0,5.3,Overcast
2025-08-23 21:00:00,26.7,88.0,32.1,0.0,0.0,3.0,100.0,6.9,Overcast
2025-08-23 22:00:00,26.4,89.0,31.7,0.0,0.0,3.0,100.0,7.6,Overcast
2025-08-23 23:00:00,26.3,88.0,31.1,0.0,0.0,3.0,100.0,9.2,Overcast
2025-08-24 00:00:00,25.9,87.0,30.5,0.0,0.0,3.0,100.0,8.8,Overcast
2025-08-24 01:00:00,25.6,87.0,30.1,0.0,0.0,3.0,100.0,8.2,Overcast
2025-08-24 02:00:00,25.3,88.0,29.7,0.0,0.0,3.0,100.0,8.7,Overcast
2025-08-24 03:00:00,25.1,89.0,29.6,0.0,0.0,3.0,100.0,7.4,Overcast
2025-08-24 04:00:00,25.1,89.0,29.5,0.0,0.0,3.0,100.0,7.8,Overcast
2025-08-24 05:00:00,24.9,90.0,29.4,0.0,0.0,3.0,100.0,7.7,Overcast
2025-08-24 06:00:00,24.9,91.0,29.5,0.0,0.0,3.0,100.0,6.9,Overcast
2025-08-24 07:00:00,25.6,89.0,30.6,0.0,0.0,3.0,100.0,6.2,Overcast
2025-08-24 08:00:00,27.9,81.0,32.3,0.0,0.0,3.0,99.0,12.6,Overcast
2025-08-24 09:00:00,28.6,73.0,32.2,0.4,0.4,51.0,100.0,14.6,Drizzle: Light
2025-08-24 10:00:00,29.5,72.0,34.3,0.0,0.0,3.0,100.0,13.6,Overcast
2025-08-24 11:00:00,30.6,70.0,36.5,0.1,0.1,51.0,100.0,13.9,Drizzle: Light
2025-08-24 12:00:00,30.8,67.0,36.3,0.2,0.2,51.0,100.0,14.6,Drizzle: Light
2025-08-24 13:00:00,29.5,69.0,32.8,2.3,2.3,61.0,100.0,15.1,Rain: Slight
2025-08-24 14:00:00,27.6,81.0,32.2,13.7,13.7,65.0,100.0,10.1,Rain: Heavy
2025-08-24 15:00:00,26.3,87.0,30.6,2.9,2.9,63.0,100.0,12.9,Rain: Moderate
2025-08-24 16:00:00,26.7,88.0,32.1,0.2,0.2,51.0,100.0,7.2,Drizzle: Light
2025-08-24 17:00:00,25.5,89.0,29.6,7.9,7.9,65.0,100.0,11.7,Rain: Heavy
2025-08-24 18:00:00,25.7,91.0,30.6,0.2,0.2,51.0,100.0,8.2,Drizzle: Light
2025-08-24 19:00:00,25.7,91.0,31.0,0.1,0.1,51.0,100.0,6.1,Drizzle: Light
2025-08-24 20:00:00,25.9,88.0,30.3,0.0,0.0,3.0,100.0,10.3,Overcast
2025-08-24 21:00:00,25.6,89.0,30.0,0.0,0.0,3.0,100.0,10.2,Overcast
2025-08-24 22:00:00,25.6,90.0,30.2,0.0,0.0,3.0,100.0,9.6,Overcast
2025-08-24 23:00:00,25.7,90.0,30.5,0.0,0.0,3.0,100.0,8.4,Overcast
2025-08-25 00:00:00,25.5,91.0,30.2,0.0,0.0,3.0,100.0,8.8,Overcast
2025-08-25 01:00:00,25.3,91.0,29.9,0.0,0.0,3.0,93.0,9.4,Overcast
2025-08-25 02:00:00,25.2,92.0,29.8,0.0,0.0,3.0,100.0,8.9,Overcast
2025-08-25 03:00:00,25.2,93.0,30.0,0.0,0.0,3.0,100.0,8.0,Overcast
2025-08-25 04:00:00,25.1,93.0,29.8,0.0,0.0,3.0,100.0,9.1,Overcast
2025-08-25 05:00:00,25.1,93.0,29.7,0.0,0.0,3.0,100.0,9.4,Overcast
2025-08-25 06:00:00,24.7,92.0,28.4,0.6,0.6,53.0,100.0,13.9,Drizzle: Moderate
2025-08-25 07:00:00,24.8,92.0,28.7,0.2,0.2,51.0,96.0,12.4,Drizzle: Light
2025-08-25 08:00:00,27.7,81.0,31.8,0.2,0.2,51.0,100.0,14.0,Drizzle: Light
2025-08-25 09:00:00,28.1,81.0,32.3,0.1,0.1,51.0,100.0,14.8,Drizzle: Light
2025-08-25 10:00:00,28.7,78.0,32.9,0.2,0.2,51.0,100.0,15.3,Drizzle: Light
2025-08-25 11:00:00,27.7,80.0,31.1,1.9,1.9,61.0,100.0,18.4,Rain: Slight
2025-08-25 12:00:00,27.6,82.0,32.4,0.2,0.2,51.0,100.0,10.4,Drizzle: Light
2025-08-25 13:00:00,26.8,82.0,29.7,6.5,6.5,63.0,100.0,19.9,Rain: Moderate
2025-08-25 14:00:00,26.1,86.0,30.3,3.4,3.4,63.0,100.0,10.6,Rain: Moderate
2025-08-25 15:00:00,27.0,84.0,31.0,0.1,0.1,51.0,100.0,14.8,Drizzle: Light
2025-08-25 16:00:00,27.7,80.0,31.7,0.2,0.2,51.0,100.0,14.3,Drizzle: Light
2025-08-25 17:00:00,25.6,91.0,29.7,3.0,3.0,63.0,100.0,13.5,Rain: Moderate
2025-08-25 18:00:00,25.6,90.0,30.3,0.2,0.2,51.0,100.0,9.2,Drizzle: Light
2025-08-25 19:00:00,25.7,91.0,30.6,0.0,0.0,3.0,100.0,8.0,Overcast
2025-08-25 20:00:00,25.6,94.0,30.9,1.5,1.5,61.0,100.0,7.7,Rain: Slight
2025-08-25 21:00:00,25.4,95.0,30.6,0.8,0.8,53.0,100.0,8.5,Drizzle: Moderate
2025-08-25 22:00:00,25.4,94.0,30.6,0.0,0.0,3.0,100.0,7.8,Overcast
2025-08-25 23:00:00,25.3,94.0,30.1,0.0,0.0,3.0,100.0,9.7,Overcast
2025-08-26 00:00:00,25.4,90.0,29.7,0.0,0.0,3.0,100.0,10.1,Overcast
2025-08-26 01:00:00,25.1,90.0,29.8,0.6,0.6,53.0,100.0,6.7,Drizzle: Moderate
2025-08-26 02:00:00,24.9,94.0,29.7,2.5,2.5,63.0,100.0,8.1,Rain: Moderate
2025-08-26 03:00:00,24.9,95.0,29.9,0.8,0.8,53.0,100.0,7.6,Drizzle: Moderate
2025-08-26 04:00:00,24.7,96.0,29.7,0.4,0.4,51.0,100.0,7.4,Drizzle: Light
2025-08-26 05:00:00,24.7,94.0,29.4,1.2,1.2,55.0,100.0,8.6,Drizzle: Dense
2025-08-26 06:00:00,24.4,94.0,29.1,0.1,0.1,51.0,100.0,7.1,Drizzle: Light
2025-08-26 07:00:00,25.1,92.0,30.2,0.0,0.0,3.0,100.0,6.1,Overcast
2025-08-26 08:00:00,26.2,88.0,31.9,0.1,0.1,51.0,100.0,3.3,Drizzle: Light
2025-08-26 09:00:00,26.2,85.0,30.6,0.7,0.7,53.0,100.0,9.6,Drizzle: Moderate
2025-08-26 10:00:00,26.4,85.0,31.2,0.0,0.0,3.0,100.0,8.4,Overcast
2025-08-26 11:00:00,28.2,78.0,32.8,0.0,0.0,3.0,100.0,10.6,Overcast
2025-08-26 12:00:00,28.0,78.0,32.6,0.0,0.0,3.0,100.0,9.7,Overcast
2025-08-26 13:00:00,28.5,76.0,33.2,0.0,0.0,3.0,100.0,9.1,Overcast
2025-08-26 14:00:00,29.0,74.0,33.3,0.0,0.0,3.0,100.0,11.9,Overcast
2025-08-26 15:00:00,28.6,74.0,32.1,0.2,0.2,51.0,100.0,14.9,Drizzle: Light
2025-08-26 16:00:00,27.9,80.0,32.6,0.0,0.0,3.0,100.0,10.2,Overcast
2025-08-26 17:00:00,27.4,83.0,32.6,0.0,0.0,3.0,100.0,7.0,Overcast
2025-08-26 18:00:00,27.0,85.0,32.2,0.0,0.0,3.0,100.0,7.3,Overcast
2025-08-26 19:00:00,26.6,88.0,32.0,0.0,0.0,3.0,100.0,6.0,Overcast
2025-08-26 20:00:00,26.9,87.0,32.4,0.0,0.0,3.0,100.0,6.5,Overcast
2025-08-26 21:00:00,26.7,88.0,32.5,0.0,0.0,3.0,100.0,4.4,Overcast
2025-08-26 22:00:00,26.6,88.0,31.8,0.0,0.0,3.0,100.0,7.6,Overcast
2025-08-26 23:00:00,26.4,86.0,31.3,0.0,0.0,3.0,100.0,7.5,Overcast
2025-08-27 00:00:00,26.1,87.0,31.2,0.0,0.0,3.0,100.0,5.2,Overcast
2025-08-27 01:00:00,25.9,87.0,30.9,0.1,0.1,51.0,99.0,6.4,Drizzle: Light
2025-08-27 02:00:00,25.6,89.0,30.5,0.2,0.2,51.0,100.0,6.9,Drizzle: Light
2025-08-27 03:00:00,25.3,91.0,30.4,0.0,0.0,3.0,100.0,5.2,Overcast
2025-08-27 04:00:00,25.1,92.0,30.3,0.2,0.2,51.0,99.0,4.5,Drizzle: Light
2025-08-27 05:00:00,24.9,93.0,30.1,0.0,0.0,3.0,100.0,4.8,Overcast
2025-08-27 06:00:00,24.8,94.0,30.2,0.0,0.0,3.0,100.0,4.0,Overcast
2025-08-27 07:00:00,25.2,93.0,30.8,0.0,0.0,3.0,100.0,4.0,Overcast
2025-08-27 08:00:00,,,,,,,,,Unknown
2025-08-27 09:00:00,,,,,,,,,Unknown
2025-08-27 10:00:00,,,,,,,,,Unknown
2025-08-27 11:00:00,,,,,,,,,Unknown
2025-08-27 12:00:00,,,,,,,,,Unknown
2025-08-27 13:00:00,,,,,,,,,Unknown
2025-08-27 14:00:00,,,,,,,,,Unknown
2025-08-27 15:00:00,,,,,,,,,Unknown
2025-08-27 16:00:00,,,,,,,,,Unknown
2025-08-27 17:00:00,,,,,,,,,Unknown
2025-08-27 18:00:00,,,,,,,,,Unknown
2025-08-27 19:00:00,,,,,,,,,Unknown
2025-08-27 20:00:00,,,,,,,,,Unknown
2025-08-27 21:00:00,,,,,,,,,Unknown
2025-08-27 22:00:00,,,,,,,,,Unknown
2025-08-27 23:00:00,,,,,,,,,Unknown
2025-08-28 00:00:00,,,,,,,,,Unknown
2025-08-28 01:00:00,,,,,,,,,Unknown
2025-08-28 02:00:00,,,,,,,,,Unknown
2025-08-28 03:00:00,,,,,,,,,Unknown
2025-08-28 04:00:00,,,,,,,,,Unknown
2025-08-28 05:00:00,,,,,,,,,Unknown
2025-08-28 06:00:00,,,,,,,,,Unknown
2025-08-28 07:00:00,,,,,,,,,Unknown
2025-08-28 08:00:00,,,,,,,,,Unknown
2025-08-28 09:00:00,,,,,,,,,Unknown
2025-08-28 10:00:00,,,,,,,,,Unknown
2025-08-28 11:00:00,,,,,,,,,Unknown
2025-08-28 12:00:00,,,,,,,,,Unknown
2025-08-28 13:00:00,,,,,,,,,Unknown
2025-08-28 14:00:00,,,,,,,,,Unknown
2025-08-28 15:00:00,,,,,,,,,Unknown
2025-08-28 16:00:00,,,,,,,,,Unknown
2025-08-28 17:00:00,,,,,,,,,Unknown
2025-08-28 18:00:00,,,,,,,,,Unknown
2025-08-28 19:00:00,,,,,,,,,Unknown
2025-08-28 20:00:00,,,,,,,,,Unknown
2025-08-28 21:00:00,,,,,,,,,Unknown
2025-08-28 22:00:00,,,,,,,,,Unknown
2025-08-28 23:00:00,,,,,,,,,Unknown
